surface_id	path	scope	source_ids	fork_behavior	upstream_change	classification	resolution	proof
.clinerules/caveman.md	.clinerules/caveman.md	fork-only	s24299b299011	docs: record caveman mode rules and session-system merge note	none (fork-only path)	retained	fork-only path; carried through merge unchanged	fork-only sweep: git diff 79b037e420943010e03727d7cdb22f05e64507b7..eb795f45e8 -- .clinerules/caveman.md is empty (path byte-identical to frozen main)
.config/nextest.toml	.config/nextest.toml	shared	sb3a3271b562a	session candidate: OMP-127	upstream 18.0.6 reworked this path; textual conflict predicted by merge-tree preview	re-fitted	Union upstream default/CI failure output, fail-fast, retry, and slow-timeout settings with fork OMP-127 jobspec process-group kill override; keep the override as an additional profile.default rule.	gate 10 pass: cargo nextest run --workspace --exclude brush-core (see handoff §Gate results)
.cursor/rules/caveman.mdc	.cursor/rules/caveman.mdc	fork-only	s3efabbcbf058	docs: record caveman mode rules and session-system merge note	none (fork-only path)	retained	fork-only path; carried through merge unchanged	fork-only sweep: git diff 79b037e420943010e03727d7cdb22f05e64507b7..eb795f45e8 -- .cursor/rules/caveman.mdc is empty (path byte-identical to frozen main)
.github/copilot-instructions.md	.github/copilot-instructions.md	fork-only	sb520ed578ff7	docs: record caveman mode rules and session-system merge note	none (fork-only path)	retained	fork-only path; carried through merge unchanged	fork-only sweep: git diff 79b037e420943010e03727d7cdb22f05e64507b7..eb795f45e8 -- .github/copilot-instructions.md is empty (path byte-identical to frozen main)
.github/workflows/ci.yml	.github/workflows/ci.yml	shared	s55b507004094,s470f96b9da22,sdf388aaed453	session candidate: OMP-21; feat(work-ledger): PostgreSQL Work Ledger with Linear export and import (HOME-143, HOME-144, HOME-145, HOME-146); Add 'session-system/' from commit '04059416c063478b806a64fd33afc42823557b66'	upstream 18.0.6 modified this path; clean textual merge predicted	re-fitted	Fork replaces upstream's partial `bun test scripts/ci-test-ts.test.ts scripts/release.test.ts` workaround with the full `bun run test:scripts` group inside upstream's revised workflow	bun run test:scripts green on candidate (gate 8); workflow text carries the fork invocation
.gitignore	.gitignore	shared	sa5fc7daa0357,sce7c41948cac	session candidate: OMP-108; session candidate: OMP-47; Add 'session-system/' from commit '04059416c063478b806a64fd33afc42823557b66'; session-system v1: canonical home for the Linear/omp session system	upstream 18.0.6 modified this path; clean textual merge predicted	retained	clean textual merge of upstream and fork edits; fork behavior verified by candidate gates	gates 4 (bun run check:ts) and 7 (bun run test:ts) green on the candidate; see handoff §Gate results
.windsurf/rules/caveman.md	.windsurf/rules/caveman.md	fork-only	sffe6a133fad2	docs: record caveman mode rules and session-system merge note	none (fork-only path)	retained	fork-only path; carried through merge unchanged	fork-only sweep: git diff 79b037e420943010e03727d7cdb22f05e64507b7..eb795f45e8 -- .windsurf/rules/caveman.md is empty (path byte-identical to frozen main)
.work-project	.work-project	fork-only	se75f97efce9b	session candidate: HOME-149	none (fork-only path)	retained	fork-only path; carried through merge unchanged	fork-only sweep: git diff 79b037e420943010e03727d7cdb22f05e64507b7..eb795f45e8 -- .work-project is empty (path byte-identical to frozen main)
AGENTS.md	AGENTS.md	shared	s1103f76c4c1b	docs: record caveman mode rules and session-system merge note; Add 'session-system/' from commit '04059416c063478b806a64fd33afc42823557b66'	upstream 18.0.6 modified this path; clean textual merge predicted	retained	clean textual merge of upstream and fork edits; fork behavior verified by candidate gates	gates 4 (bun run check:ts) and 7 (bun run test:ts) green on the candidate; see handoff §Gate results
WATCHDOG.yml	WATCHDOG.yml	fork-only	s5dbec56f8d40	session close: HOME-137; session close: HOME-130; fix: route watchdog advisor to Terra via authenticated codex provider	none (fork-only path)	retained	fork-only path; carried through merge unchanged	fork-only sweep: git diff 79b037e420943010e03727d7cdb22f05e64507b7..eb795f45e8 -- WATCHDOG.yml is empty (path byte-identical to frozen main)
bun.lock	bun.lock	shared	sff7bcc352748,sa4dda95f56e4	feat(work-ledger): interactive OMP workflow on WorkService (HOME-146, HOME-147)	upstream 18.0.6 modified this path; clean textual merge predicted	retained	clean textual merge of upstream and fork edits; fork behavior verified by candidate gates	gates 4 (bun run check:ts) and 7 (bun run test:ts) green on the candidate; see handoff §Gate results
crates/pi-builtins/src/pgrep.rs	crates/pi-builtins/src/pgrep.rs	fork-only	s69da6629a541	session candidate: OMP-127; Add 'session-system/' from commit '04059416c063478b806a64fd33afc42823557b66'	none (fork-only path)	retained	fork-only path; carried through merge unchanged	fork-only sweep: git diff 79b037e420943010e03727d7cdb22f05e64507b7..eb795f45e8 -- crates/pi-builtins/src/pgrep.rs is empty (path byte-identical to frozen main)
data/linear-export/825e3ef4-4094-4b20-97da-64a7c477a306/anomaly-report-4f53cda18c2baa0c0354bb5f9a3ecbe5ed12ab4d8e11ba873c2f11161202b945.json.gpg	data/linear-export/825e3ef4-4094-4b20-97da-64a7c477a306/anomaly-report-4f53cda18c2baa0c0354bb5f9a3ecbe5ed12ab4d8e11ba873c2f11161202b945.json.gpg	fork-only	sa45617ea45f3	fix(session): HOME-149 audit remediation	none (fork-only path)	retained	fork-only path; carried through merge unchanged	fork-only sweep: git diff 79b037e420943010e03727d7cdb22f05e64507b7..eb795f45e8 -- data/linear-export/825e3ef4-4094-4b20-97da-64a7c477a306/anomaly-report-4f53cda18c2baa0c0354bb5f9a3ecbe5ed12ab4d8e11ba873c2f11161202b945.json.gpg is empty (path byte-identical to frozen main)
data/linear-export/825e3ef4-4094-4b20-97da-64a7c477a306/delta-attachments-0-82baa8dba69aa94f85deaa9054533490b11847669f7bff70c03f99c23d896650.json.gpg	data/linear-export/825e3ef4-4094-4b20-97da-64a7c477a306/delta-attachments-0-82baa8dba69aa94f85deaa9054533490b11847669f7bff70c03f99c23d896650.json.gpg	fork-only	s216281811cce	fix(session): HOME-149 audit remediation	none (fork-only path)	retained	fork-only path; carried through merge unchanged	fork-only sweep: git diff 79b037e420943010e03727d7cdb22f05e64507b7..eb795f45e8 -- data/linear-export/825e3ef4-4094-4b20-97da-64a7c477a306/delta-attachments-0-82baa8dba69aa94f85deaa9054533490b11847669f7bff70c03f99c23d896650.json.gpg is empty (path byte-identical to frozen main)
data/linear-export/825e3ef4-4094-4b20-97da-64a7c477a306/delta-comments-0-0460a977034fc5d60f68c5a44623632914747f968c7abbf7df43d4426679b032.json.gpg	data/linear-export/825e3ef4-4094-4b20-97da-64a7c477a306/delta-comments-0-0460a977034fc5d60f68c5a44623632914747f968c7abbf7df43d4426679b032.json.gpg	fork-only	s278a3485f7cd	fix(session): HOME-149 audit remediation	none (fork-only path)	retained	fork-only path; carried through merge unchanged	fork-only sweep: git diff 79b037e420943010e03727d7cdb22f05e64507b7..eb795f45e8 -- data/linear-export/825e3ef4-4094-4b20-97da-64a7c477a306/delta-comments-0-0460a977034fc5d60f68c5a44623632914747f968c7abbf7df43d4426679b032.json.gpg is empty (path byte-identical to frozen main)
data/linear-export/825e3ef4-4094-4b20-97da-64a7c477a306/delta-initiativeToProjects-0-cf0ab94399adc54a0b51acd63002b6bb81deaa39b81bc4d96635ca72314c070e.json.gpg	data/linear-export/825e3ef4-4094-4b20-97da-64a7c477a306/delta-initiativeToProjects-0-cf0ab94399adc54a0b51acd63002b6bb81deaa39b81bc4d96635ca72314c070e.json.gpg	fork-only	sbbb91e406d58	fix(session): HOME-149 audit remediation	none (fork-only path)	retained	fork-only path; carried through merge unchanged	fork-only sweep: git diff 79b037e420943010e03727d7cdb22f05e64507b7..eb795f45e8 -- data/linear-export/825e3ef4-4094-4b20-97da-64a7c477a306/delta-initiativeToProjects-0-cf0ab94399adc54a0b51acd63002b6bb81deaa39b81bc4d96635ca72314c070e.json.gpg is empty (path byte-identical to frozen main)
data/linear-export/825e3ef4-4094-4b20-97da-64a7c477a306/delta-initiatives-0-aba446376378c7eacc8705d693d4303adb71228a6cb2a152de250c19c33f3328.json.gpg	data/linear-export/825e3ef4-4094-4b20-97da-64a7c477a306/delta-initiatives-0-aba446376378c7eacc8705d693d4303adb71228a6cb2a152de250c19c33f3328.json.gpg	fork-only	sbfad82c62bda	fix(session): HOME-149 audit remediation	none (fork-only path)	retained	fork-only path; carried through merge unchanged	fork-only sweep: git diff 79b037e420943010e03727d7cdb22f05e64507b7..eb795f45e8 -- data/linear-export/825e3ef4-4094-4b20-97da-64a7c477a306/delta-initiatives-0-aba446376378c7eacc8705d693d4303adb71228a6cb2a152de250c19c33f3328.json.gpg is empty (path byte-identical to frozen main)
data/linear-export/825e3ef4-4094-4b20-97da-64a7c477a306/delta-issueLabels-0-c25af5e31334ba2776101d23a6de12438e8f0ea7d5951317a96a87cb95751bc0.json.gpg	data/linear-export/825e3ef4-4094-4b20-97da-64a7c477a306/delta-issueLabels-0-c25af5e31334ba2776101d23a6de12438e8f0ea7d5951317a96a87cb95751bc0.json.gpg	fork-only	scefe90d40d68	fix(session): HOME-149 audit remediation	none (fork-only path)	retained	fork-only path; carried through merge unchanged	fork-only sweep: git diff 79b037e420943010e03727d7cdb22f05e64507b7..eb795f45e8 -- data/linear-export/825e3ef4-4094-4b20-97da-64a7c477a306/delta-issueLabels-0-c25af5e31334ba2776101d23a6de12438e8f0ea7d5951317a96a87cb95751bc0.json.gpg is empty (path byte-identical to frozen main)
data/linear-export/825e3ef4-4094-4b20-97da-64a7c477a306/delta-issueRelations-0-1f75db96d0cdc6d731e40b031ae58fc258368296c7c3d3af79e357f2808ded45.json.gpg	data/linear-export/825e3ef4-4094-4b20-97da-64a7c477a306/delta-issueRelations-0-1f75db96d0cdc6d731e40b031ae58fc258368296c7c3d3af79e357f2808ded45.json.gpg	fork-only	s30d2243ff892	fix(session): HOME-149 audit remediation	none (fork-only path)	retained	fork-only path; carried through merge unchanged	fork-only sweep: git diff 79b037e420943010e03727d7cdb22f05e64507b7..eb795f45e8 -- data/linear-export/825e3ef4-4094-4b20-97da-64a7c477a306/delta-issueRelations-0-1f75db96d0cdc6d731e40b031ae58fc258368296c7c3d3af79e357f2808ded45.json.gpg is empty (path byte-identical to frozen main)
data/linear-export/825e3ef4-4094-4b20-97da-64a7c477a306/delta-issues-0-5dcf113f82ce4d3921cfa6f25b87194d734a443bef166614ac216731f4c47ac6.json.gpg	data/linear-export/825e3ef4-4094-4b20-97da-64a7c477a306/delta-issues-0-5dcf113f82ce4d3921cfa6f25b87194d734a443bef166614ac216731f4c47ac6.json.gpg	fork-only	s27677fce59a5	fix(session): HOME-149 audit remediation	none (fork-only path)	retained	fork-only path; carried through merge unchanged	fork-only sweep: git diff 79b037e420943010e03727d7cdb22f05e64507b7..eb795f45e8 -- data/linear-export/825e3ef4-4094-4b20-97da-64a7c477a306/delta-issues-0-5dcf113f82ce4d3921cfa6f25b87194d734a443bef166614ac216731f4c47ac6.json.gpg is empty (path byte-identical to frozen main)
data/linear-export/825e3ef4-4094-4b20-97da-64a7c477a306/delta-projectMilestones-0-25841d5bd28951b7569d8c1ddd7c9c343773513e8b671bb13abe98a38d4270ee.json.gpg	data/linear-export/825e3ef4-4094-4b20-97da-64a7c477a306/delta-projectMilestones-0-25841d5bd28951b7569d8c1ddd7c9c343773513e8b671bb13abe98a38d4270ee.json.gpg	fork-only	s8697b3d1fa4c	fix(session): HOME-149 audit remediation	none (fork-only path)	retained	fork-only path; carried through merge unchanged	fork-only sweep: git diff 79b037e420943010e03727d7cdb22f05e64507b7..eb795f45e8 -- data/linear-export/825e3ef4-4094-4b20-97da-64a7c477a306/delta-projectMilestones-0-25841d5bd28951b7569d8c1ddd7c9c343773513e8b671bb13abe98a38d4270ee.json.gpg is empty (path byte-identical to frozen main)
data/linear-export/825e3ef4-4094-4b20-97da-64a7c477a306/delta-projectUpdates-0-e31c03ad4eb7d2ce629ff4b595ef68b88605fbdf1606dc26df5ffe80183f029c.json.gpg	data/linear-export/825e3ef4-4094-4b20-97da-64a7c477a306/delta-projectUpdates-0-e31c03ad4eb7d2ce629ff4b595ef68b88605fbdf1606dc26df5ffe80183f029c.json.gpg	fork-only	s4dd0f71467f0	fix(session): HOME-149 audit remediation	none (fork-only path)	retained	fork-only path; carried through merge unchanged	fork-only sweep: git diff 79b037e420943010e03727d7cdb22f05e64507b7..eb795f45e8 -- data/linear-export/825e3ef4-4094-4b20-97da-64a7c477a306/delta-projectUpdates-0-e31c03ad4eb7d2ce629ff4b595ef68b88605fbdf1606dc26df5ffe80183f029c.json.gpg is empty (path byte-identical to frozen main)
data/linear-export/825e3ef4-4094-4b20-97da-64a7c477a306/delta-projects-0-9e5802fd0f751063f3ed5adfc79cfafaaffb33d8832d31248686e5be4574e5aa.json.gpg	data/linear-export/825e3ef4-4094-4b20-97da-64a7c477a306/delta-projects-0-9e5802fd0f751063f3ed5adfc79cfafaaffb33d8832d31248686e5be4574e5aa.json.gpg	fork-only	s40fd9db01c63	fix(session): HOME-149 audit remediation	none (fork-only path)	retained	fork-only path; carried through merge unchanged	fork-only sweep: git diff 79b037e420943010e03727d7cdb22f05e64507b7..eb795f45e8 -- data/linear-export/825e3ef4-4094-4b20-97da-64a7c477a306/delta-projects-0-9e5802fd0f751063f3ed5adfc79cfafaaffb33d8832d31248686e5be4574e5aa.json.gpg is empty (path byte-identical to frozen main)
data/linear-export/825e3ef4-4094-4b20-97da-64a7c477a306/delta-teams-0-1820149de12392ed153b92f598db40120d575e8fffb8cbf11da96e603a9967e7.json.gpg	data/linear-export/825e3ef4-4094-4b20-97da-64a7c477a306/delta-teams-0-1820149de12392ed153b92f598db40120d575e8fffb8cbf11da96e603a9967e7.json.gpg	fork-only	sc6db8209e04c	fix(session): HOME-149 audit remediation	none (fork-only path)	retained	fork-only path; carried through merge unchanged	fork-only sweep: git diff 79b037e420943010e03727d7cdb22f05e64507b7..eb795f45e8 -- data/linear-export/825e3ef4-4094-4b20-97da-64a7c477a306/delta-teams-0-1820149de12392ed153b92f598db40120d575e8fffb8cbf11da96e603a9967e7.json.gpg is empty (path byte-identical to frozen main)
data/linear-export/825e3ef4-4094-4b20-97da-64a7c477a306/delta-workflowStates-0-fcadda8c16735fdca0bd3c04a853fb01ca7bb882fc8d8c6d096e414260a9a649.json.gpg	data/linear-export/825e3ef4-4094-4b20-97da-64a7c477a306/delta-workflowStates-0-fcadda8c16735fdca0bd3c04a853fb01ca7bb882fc8d8c6d096e414260a9a649.json.gpg	fork-only	sb0728f45d51d	fix(session): HOME-149 audit remediation	none (fork-only path)	retained	fork-only path; carried through merge unchanged	fork-only sweep: git diff 79b037e420943010e03727d7cdb22f05e64507b7..eb795f45e8 -- data/linear-export/825e3ef4-4094-4b20-97da-64a7c477a306/delta-workflowStates-0-fcadda8c16735fdca0bd3c04a853fb01ca7bb882fc8d8c6d096e414260a9a649.json.gpg is empty (path byte-identical to frozen main)
data/linear-export/825e3ef4-4094-4b20-97da-64a7c477a306/manifest-4ea70db806de4fb0a5cf62da25e7465399d2eb2160e72f08d3ae05ce6ff3d9d1.json.gpg	data/linear-export/825e3ef4-4094-4b20-97da-64a7c477a306/manifest-4ea70db806de4fb0a5cf62da25e7465399d2eb2160e72f08d3ae05ce6ff3d9d1.json.gpg	fork-only	s5d1397e1375b	fix(session): HOME-149 audit remediation	none (fork-only path)	retained	fork-only path; carried through merge unchanged	fork-only sweep: git diff 79b037e420943010e03727d7cdb22f05e64507b7..eb795f45e8 -- data/linear-export/825e3ef4-4094-4b20-97da-64a7c477a306/manifest-4ea70db806de4fb0a5cf62da25e7465399d2eb2160e72f08d3ae05ce6ff3d9d1.json.gpg is empty (path byte-identical to frozen main)
data/linear-export/825e3ef4-4094-4b20-97da-64a7c477a306/privacy-report-b38b66b418fb129209f1c8a1a226eb2a15c5a021f5227644fb5e6597a02333e4.json.gpg	data/linear-export/825e3ef4-4094-4b20-97da-64a7c477a306/privacy-report-b38b66b418fb129209f1c8a1a226eb2a15c5a021f5227644fb5e6597a02333e4.json.gpg	fork-only	s82f87a7c1f9c	fix(session): HOME-149 audit remediation	none (fork-only path)	retained	fork-only path; carried through merge unchanged	fork-only sweep: git diff 79b037e420943010e03727d7cdb22f05e64507b7..eb795f45e8 -- data/linear-export/825e3ef4-4094-4b20-97da-64a7c477a306/privacy-report-b38b66b418fb129209f1c8a1a226eb2a15c5a021f5227644fb5e6597a02333e4.json.gpg is empty (path byte-identical to frozen main)
data/linear-export/825e3ef4-4094-4b20-97da-64a7c477a306/scope-report-24da03b4131572907f1cec73b9141ac214b8ac1cb337edae2d16098cd2cb7aa4.json.gpg	data/linear-export/825e3ef4-4094-4b20-97da-64a7c477a306/scope-report-24da03b4131572907f1cec73b9141ac214b8ac1cb337edae2d16098cd2cb7aa4.json.gpg	fork-only	sd1e99a2a6d88	fix(session): HOME-149 audit remediation	none (fork-only path)	retained	fork-only path; carried through merge unchanged	fork-only sweep: git diff 79b037e420943010e03727d7cdb22f05e64507b7..eb795f45e8 -- data/linear-export/825e3ef4-4094-4b20-97da-64a7c477a306/scope-report-24da03b4131572907f1cec73b9141ac214b8ac1cb337edae2d16098cd2cb7aa4.json.gpg is empty (path byte-identical to frozen main)
data/linear-export/825e3ef4-4094-4b20-97da-64a7c477a306/source-hashes-08826c0c8248bb5048b78068a1f6d5823a68c9dcda3d1350d624632c8a1dace1.json.gpg	data/linear-export/825e3ef4-4094-4b20-97da-64a7c477a306/source-hashes-08826c0c8248bb5048b78068a1f6d5823a68c9dcda3d1350d624632c8a1dace1.json.gpg	fork-only	saa4e1dc7e919	fix(session): HOME-149 audit remediation	none (fork-only path)	retained	fork-only path; carried through merge unchanged	fork-only sweep: git diff 79b037e420943010e03727d7cdb22f05e64507b7..eb795f45e8 -- data/linear-export/825e3ef4-4094-4b20-97da-64a7c477a306/source-hashes-08826c0c8248bb5048b78068a1f6d5823a68c9dcda3d1350d624632c8a1dace1.json.gpg is empty (path byte-identical to frozen main)
data/linear-export/c4e848b6-2e4f-423a-a502-c66e0f37e746/anomaly-report-4f53cda18c2baa0c0354bb5f9a3ecbe5ed12ab4d8e11ba873c2f11161202b945.json.gpg	data/linear-export/c4e848b6-2e4f-423a-a502-c66e0f37e746/anomaly-report-4f53cda18c2baa0c0354bb5f9a3ecbe5ed12ab4d8e11ba873c2f11161202b945.json.gpg	fork-only	s9c4d385ae93d	fix(session): HOME-149 audit remediation	none (fork-only path)	retained	fork-only path; carried through merge unchanged	fork-only sweep: git diff 79b037e420943010e03727d7cdb22f05e64507b7..eb795f45e8 -- data/linear-export/c4e848b6-2e4f-423a-a502-c66e0f37e746/anomaly-report-4f53cda18c2baa0c0354bb5f9a3ecbe5ed12ab4d8e11ba873c2f11161202b945.json.gpg is empty (path byte-identical to frozen main)
data/linear-export/c4e848b6-2e4f-423a-a502-c66e0f37e746/delta-attachments-0-cf94ef6b31dcd73d2e6157772d91df43a6a34226e526eba69c5f7b06a0b7b129.json.gpg	data/linear-export/c4e848b6-2e4f-423a-a502-c66e0f37e746/delta-attachments-0-cf94ef6b31dcd73d2e6157772d91df43a6a34226e526eba69c5f7b06a0b7b129.json.gpg	fork-only	se18a73ff5801	fix(session): HOME-149 audit remediation	none (fork-only path)	retained	fork-only path; carried through merge unchanged	fork-only sweep: git diff 79b037e420943010e03727d7cdb22f05e64507b7..eb795f45e8 -- data/linear-export/c4e848b6-2e4f-423a-a502-c66e0f37e746/delta-attachments-0-cf94ef6b31dcd73d2e6157772d91df43a6a34226e526eba69c5f7b06a0b7b129.json.gpg is empty (path byte-identical to frozen main)
data/linear-export/c4e848b6-2e4f-423a-a502-c66e0f37e746/delta-comments-0-ac7f801fc8d461a39b5f830496f65c9d6edd144da21b0164649e04d7ef69a7e2.json.gpg	data/linear-export/c4e848b6-2e4f-423a-a502-c66e0f37e746/delta-comments-0-ac7f801fc8d461a39b5f830496f65c9d6edd144da21b0164649e04d7ef69a7e2.json.gpg	fork-only	sa829e3d3ecf4	fix(session): HOME-149 audit remediation	none (fork-only path)	retained	fork-only path; carried through merge unchanged	fork-only sweep: git diff 79b037e420943010e03727d7cdb22f05e64507b7..eb795f45e8 -- data/linear-export/c4e848b6-2e4f-423a-a502-c66e0f37e746/delta-comments-0-ac7f801fc8d461a39b5f830496f65c9d6edd144da21b0164649e04d7ef69a7e2.json.gpg is empty (path byte-identical to frozen main)
data/linear-export/c4e848b6-2e4f-423a-a502-c66e0f37e746/delta-initiativeToProjects-0-8cc08a312d899cdc05f56829ffb96353beb09f8ea673d363253b2aaac218906d.json.gpg	data/linear-export/c4e848b6-2e4f-423a-a502-c66e0f37e746/delta-initiativeToProjects-0-8cc08a312d899cdc05f56829ffb96353beb09f8ea673d363253b2aaac218906d.json.gpg	fork-only	s46ae8a35c595	fix(session): HOME-149 audit remediation	none (fork-only path)	retained	fork-only path; carried through merge unchanged	fork-only sweep: git diff 79b037e420943010e03727d7cdb22f05e64507b7..eb795f45e8 -- data/linear-export/c4e848b6-2e4f-423a-a502-c66e0f37e746/delta-initiativeToProjects-0-8cc08a312d899cdc05f56829ffb96353beb09f8ea673d363253b2aaac218906d.json.gpg is empty (path byte-identical to frozen main)
data/linear-export/c4e848b6-2e4f-423a-a502-c66e0f37e746/delta-initiatives-0-5202a87396ffe34612fb8d4bf76663bf684ba8641a64e9f65675fb33ff2bafee.json.gpg	data/linear-export/c4e848b6-2e4f-423a-a502-c66e0f37e746/delta-initiatives-0-5202a87396ffe34612fb8d4bf76663bf684ba8641a64e9f65675fb33ff2bafee.json.gpg	fork-only	sd582479a4605	fix(session): HOME-149 audit remediation	none (fork-only path)	retained	fork-only path; carried through merge unchanged	fork-only sweep: git diff 79b037e420943010e03727d7cdb22f05e64507b7..eb795f45e8 -- data/linear-export/c4e848b6-2e4f-423a-a502-c66e0f37e746/delta-initiatives-0-5202a87396ffe34612fb8d4bf76663bf684ba8641a64e9f65675fb33ff2bafee.json.gpg is empty (path byte-identical to frozen main)
data/linear-export/c4e848b6-2e4f-423a-a502-c66e0f37e746/delta-issueLabels-0-3f3fd6a09f85340be09acb053863f26ad4a26740eacf2e0cc2ac844576d8478e.json.gpg	data/linear-export/c4e848b6-2e4f-423a-a502-c66e0f37e746/delta-issueLabels-0-3f3fd6a09f85340be09acb053863f26ad4a26740eacf2e0cc2ac844576d8478e.json.gpg	fork-only	sbd7d8aa8237a	fix(session): HOME-149 audit remediation	none (fork-only path)	retained	fork-only path; carried through merge unchanged	fork-only sweep: git diff 79b037e420943010e03727d7cdb22f05e64507b7..eb795f45e8 -- data/linear-export/c4e848b6-2e4f-423a-a502-c66e0f37e746/delta-issueLabels-0-3f3fd6a09f85340be09acb053863f26ad4a26740eacf2e0cc2ac844576d8478e.json.gpg is empty (path byte-identical to frozen main)
data/linear-export/c4e848b6-2e4f-423a-a502-c66e0f37e746/delta-issueRelations-0-f46b6419c933f96e75ae15ebe33140749ec3fe4ca149a2f63678fb2878dfcc8e.json.gpg	data/linear-export/c4e848b6-2e4f-423a-a502-c66e0f37e746/delta-issueRelations-0-f46b6419c933f96e75ae15ebe33140749ec3fe4ca149a2f63678fb2878dfcc8e.json.gpg	fork-only	s33b2b91455a8	fix(session): HOME-149 audit remediation	none (fork-only path)	retained	fork-only path; carried through merge unchanged	fork-only sweep: git diff 79b037e420943010e03727d7cdb22f05e64507b7..eb795f45e8 -- data/linear-export/c4e848b6-2e4f-423a-a502-c66e0f37e746/delta-issueRelations-0-f46b6419c933f96e75ae15ebe33140749ec3fe4ca149a2f63678fb2878dfcc8e.json.gpg is empty (path byte-identical to frozen main)
data/linear-export/c4e848b6-2e4f-423a-a502-c66e0f37e746/delta-issues-0-a0edcb0151046905570fa2ee26f9577173cc7d2334594f672b5d214a6e45a3f2.json.gpg	data/linear-export/c4e848b6-2e4f-423a-a502-c66e0f37e746/delta-issues-0-a0edcb0151046905570fa2ee26f9577173cc7d2334594f672b5d214a6e45a3f2.json.gpg	fork-only	s978a2478cf9d	fix(session): HOME-149 audit remediation	none (fork-only path)	retained	fork-only path; carried through merge unchanged	fork-only sweep: git diff 79b037e420943010e03727d7cdb22f05e64507b7..eb795f45e8 -- data/linear-export/c4e848b6-2e4f-423a-a502-c66e0f37e746/delta-issues-0-a0edcb0151046905570fa2ee26f9577173cc7d2334594f672b5d214a6e45a3f2.json.gpg is empty (path byte-identical to frozen main)
data/linear-export/c4e848b6-2e4f-423a-a502-c66e0f37e746/delta-projectMilestones-0-a9121db79c36d1c201d72d1566ff613fefb4f152f52694df136f424bf3b058cd.json.gpg	data/linear-export/c4e848b6-2e4f-423a-a502-c66e0f37e746/delta-projectMilestones-0-a9121db79c36d1c201d72d1566ff613fefb4f152f52694df136f424bf3b058cd.json.gpg	fork-only	s490c42f2e8d1	fix(session): HOME-149 audit remediation	none (fork-only path)	retained	fork-only path; carried through merge unchanged	fork-only sweep: git diff 79b037e420943010e03727d7cdb22f05e64507b7..eb795f45e8 -- data/linear-export/c4e848b6-2e4f-423a-a502-c66e0f37e746/delta-projectMilestones-0-a9121db79c36d1c201d72d1566ff613fefb4f152f52694df136f424bf3b058cd.json.gpg is empty (path byte-identical to frozen main)
data/linear-export/c4e848b6-2e4f-423a-a502-c66e0f37e746/delta-projectUpdates-0-30116fcc4e369faade7b3efaff36e94946e5087b8026b52af0127d3493909e1a.json.gpg	data/linear-export/c4e848b6-2e4f-423a-a502-c66e0f37e746/delta-projectUpdates-0-30116fcc4e369faade7b3efaff36e94946e5087b8026b52af0127d3493909e1a.json.gpg	fork-only	s67caadfbced0	fix(session): HOME-149 audit remediation	none (fork-only path)	retained	fork-only path; carried through merge unchanged	fork-only sweep: git diff 79b037e420943010e03727d7cdb22f05e64507b7..eb795f45e8 -- data/linear-export/c4e848b6-2e4f-423a-a502-c66e0f37e746/delta-projectUpdates-0-30116fcc4e369faade7b3efaff36e94946e5087b8026b52af0127d3493909e1a.json.gpg is empty (path byte-identical to frozen main)
data/linear-export/c4e848b6-2e4f-423a-a502-c66e0f37e746/delta-projects-0-055a9c1a845c34c43f0d0e7c031e70701aafec8d369fe4122687d0453b9c9012.json.gpg	data/linear-export/c4e848b6-2e4f-423a-a502-c66e0f37e746/delta-projects-0-055a9c1a845c34c43f0d0e7c031e70701aafec8d369fe4122687d0453b9c9012.json.gpg	fork-only	s477cd4665602	fix(session): HOME-149 audit remediation	none (fork-only path)	retained	fork-only path; carried through merge unchanged	fork-only sweep: git diff 79b037e420943010e03727d7cdb22f05e64507b7..eb795f45e8 -- data/linear-export/c4e848b6-2e4f-423a-a502-c66e0f37e746/delta-projects-0-055a9c1a845c34c43f0d0e7c031e70701aafec8d369fe4122687d0453b9c9012.json.gpg is empty (path byte-identical to frozen main)
data/linear-export/c4e848b6-2e4f-423a-a502-c66e0f37e746/delta-teams-0-2729caf2460169de901f54a08cae538064535040984541c76ddfd5af359e33dd.json.gpg	data/linear-export/c4e848b6-2e4f-423a-a502-c66e0f37e746/delta-teams-0-2729caf2460169de901f54a08cae538064535040984541c76ddfd5af359e33dd.json.gpg	fork-only	se6d6bab9b508	fix(session): HOME-149 audit remediation	none (fork-only path)	retained	fork-only path; carried through merge unchanged	fork-only sweep: git diff 79b037e420943010e03727d7cdb22f05e64507b7..eb795f45e8 -- data/linear-export/c4e848b6-2e4f-423a-a502-c66e0f37e746/delta-teams-0-2729caf2460169de901f54a08cae538064535040984541c76ddfd5af359e33dd.json.gpg is empty (path byte-identical to frozen main)
data/linear-export/c4e848b6-2e4f-423a-a502-c66e0f37e746/delta-workflowStates-0-6e16344a4dc03c2a1c5ce774df0e620cff004661216008c36d0b72b5fde9cfa7.json.gpg	data/linear-export/c4e848b6-2e4f-423a-a502-c66e0f37e746/delta-workflowStates-0-6e16344a4dc03c2a1c5ce774df0e620cff004661216008c36d0b72b5fde9cfa7.json.gpg	fork-only	sace452921b3c	fix(session): HOME-149 audit remediation	none (fork-only path)	retained	fork-only path; carried through merge unchanged	fork-only sweep: git diff 79b037e420943010e03727d7cdb22f05e64507b7..eb795f45e8 -- data/linear-export/c4e848b6-2e4f-423a-a502-c66e0f37e746/delta-workflowStates-0-6e16344a4dc03c2a1c5ce774df0e620cff004661216008c36d0b72b5fde9cfa7.json.gpg is empty (path byte-identical to frozen main)
data/linear-export/c4e848b6-2e4f-423a-a502-c66e0f37e746/manifest-f3f84e1088d336e67d8b57f110b33c1293fc4658fab962d1df8b32a0439cab5a.json.gpg	data/linear-export/c4e848b6-2e4f-423a-a502-c66e0f37e746/manifest-f3f84e1088d336e67d8b57f110b33c1293fc4658fab962d1df8b32a0439cab5a.json.gpg	fork-only	sa5f0791a7625	fix(session): HOME-149 audit remediation	none (fork-only path)	retained	fork-only path; carried through merge unchanged	fork-only sweep: git diff 79b037e420943010e03727d7cdb22f05e64507b7..eb795f45e8 -- data/linear-export/c4e848b6-2e4f-423a-a502-c66e0f37e746/manifest-f3f84e1088d336e67d8b57f110b33c1293fc4658fab962d1df8b32a0439cab5a.json.gpg is empty (path byte-identical to frozen main)
data/linear-export/c4e848b6-2e4f-423a-a502-c66e0f37e746/privacy-report-b38b66b418fb129209f1c8a1a226eb2a15c5a021f5227644fb5e6597a02333e4.json.gpg	data/linear-export/c4e848b6-2e4f-423a-a502-c66e0f37e746/privacy-report-b38b66b418fb129209f1c8a1a226eb2a15c5a021f5227644fb5e6597a02333e4.json.gpg	fork-only	s86a76d8819ae	fix(session): HOME-149 audit remediation	none (fork-only path)	retained	fork-only path; carried through merge unchanged	fork-only sweep: git diff 79b037e420943010e03727d7cdb22f05e64507b7..eb795f45e8 -- data/linear-export/c4e848b6-2e4f-423a-a502-c66e0f37e746/privacy-report-b38b66b418fb129209f1c8a1a226eb2a15c5a021f5227644fb5e6597a02333e4.json.gpg is empty (path byte-identical to frozen main)
data/linear-export/c4e848b6-2e4f-423a-a502-c66e0f37e746/scope-report-24da03b4131572907f1cec73b9141ac214b8ac1cb337edae2d16098cd2cb7aa4.json.gpg	data/linear-export/c4e848b6-2e4f-423a-a502-c66e0f37e746/scope-report-24da03b4131572907f1cec73b9141ac214b8ac1cb337edae2d16098cd2cb7aa4.json.gpg	fork-only	s4346fb4bcf48	fix(session): HOME-149 audit remediation	none (fork-only path)	retained	fork-only path; carried through merge unchanged	fork-only sweep: git diff 79b037e420943010e03727d7cdb22f05e64507b7..eb795f45e8 -- data/linear-export/c4e848b6-2e4f-423a-a502-c66e0f37e746/scope-report-24da03b4131572907f1cec73b9141ac214b8ac1cb337edae2d16098cd2cb7aa4.json.gpg is empty (path byte-identical to frozen main)
data/linear-export/c4e848b6-2e4f-423a-a502-c66e0f37e746/source-hashes-08826c0c8248bb5048b78068a1f6d5823a68c9dcda3d1350d624632c8a1dace1.json.gpg	data/linear-export/c4e848b6-2e4f-423a-a502-c66e0f37e746/source-hashes-08826c0c8248bb5048b78068a1f6d5823a68c9dcda3d1350d624632c8a1dace1.json.gpg	fork-only	sacbec8ddb47a	fix(session): HOME-149 audit remediation	none (fork-only path)	retained	fork-only path; carried through merge unchanged	fork-only sweep: git diff 79b037e420943010e03727d7cdb22f05e64507b7..eb795f45e8 -- data/linear-export/c4e848b6-2e4f-423a-a502-c66e0f37e746/source-hashes-08826c0c8248bb5048b78068a1f6d5823a68c9dcda3d1350d624632c8a1dace1.json.gpg is empty (path byte-identical to frozen main)
data/linear-export/f6cba355-c75a-4235-8888-13cb6b2ecd32/anomaly-report-4f53cda18c2baa0c0354bb5f9a3ecbe5ed12ab4d8e11ba873c2f11161202b945.json.gpg	data/linear-export/f6cba355-c75a-4235-8888-13cb6b2ecd32/anomaly-report-4f53cda18c2baa0c0354bb5f9a3ecbe5ed12ab4d8e11ba873c2f11161202b945.json.gpg	fork-only	s00efe0310ab9	fix(session): HOME-149 audit remediation	none (fork-only path)	retained	fork-only path; carried through merge unchanged	fork-only sweep: git diff 79b037e420943010e03727d7cdb22f05e64507b7..eb795f45e8 -- data/linear-export/f6cba355-c75a-4235-8888-13cb6b2ecd32/anomaly-report-4f53cda18c2baa0c0354bb5f9a3ecbe5ed12ab4d8e11ba873c2f11161202b945.json.gpg is empty (path byte-identical to frozen main)
data/linear-export/f6cba355-c75a-4235-8888-13cb6b2ecd32/baseline-attachments-0-149a51b759ebaffd7b234054b2b8253ebf72dd900669b2d6dc5855f1f1af4fc7.json.gpg	data/linear-export/f6cba355-c75a-4235-8888-13cb6b2ecd32/baseline-attachments-0-149a51b759ebaffd7b234054b2b8253ebf72dd900669b2d6dc5855f1f1af4fc7.json.gpg	fork-only	s752e254fea53	fix(session): HOME-149 audit remediation	none (fork-only path)	retained	fork-only path; carried through merge unchanged	fork-only sweep: git diff 79b037e420943010e03727d7cdb22f05e64507b7..eb795f45e8 -- data/linear-export/f6cba355-c75a-4235-8888-13cb6b2ecd32/baseline-attachments-0-149a51b759ebaffd7b234054b2b8253ebf72dd900669b2d6dc5855f1f1af4fc7.json.gpg is empty (path byte-identical to frozen main)
data/linear-export/f6cba355-c75a-4235-8888-13cb6b2ecd32/baseline-comments-0-65b5ac635fdecc3d0f9bc43cd7cf815afc12034fbe47f5358062020c144489bf.json.gpg	data/linear-export/f6cba355-c75a-4235-8888-13cb6b2ecd32/baseline-comments-0-65b5ac635fdecc3d0f9bc43cd7cf815afc12034fbe47f5358062020c144489bf.json.gpg	fork-only	sf53a95424473	fix(session): HOME-149 audit remediation	none (fork-only path)	retained	fork-only path; carried through merge unchanged	fork-only sweep: git diff 79b037e420943010e03727d7cdb22f05e64507b7..eb795f45e8 -- data/linear-export/f6cba355-c75a-4235-8888-13cb6b2ecd32/baseline-comments-0-65b5ac635fdecc3d0f9bc43cd7cf815afc12034fbe47f5358062020c144489bf.json.gpg is empty (path byte-identical to frozen main)
data/linear-export/f6cba355-c75a-4235-8888-13cb6b2ecd32/baseline-comments-1-b68428a4c49def7dff3609752d44b729f677bebe73dc89ea764d81707d90362d.json.gpg	data/linear-export/f6cba355-c75a-4235-8888-13cb6b2ecd32/baseline-comments-1-b68428a4c49def7dff3609752d44b729f677bebe73dc89ea764d81707d90362d.json.gpg	fork-only	sebd3b07a544a	fix(session): HOME-149 audit remediation	none (fork-only path)	retained	fork-only path; carried through merge unchanged	fork-only sweep: git diff 79b037e420943010e03727d7cdb22f05e64507b7..eb795f45e8 -- data/linear-export/f6cba355-c75a-4235-8888-13cb6b2ecd32/baseline-comments-1-b68428a4c49def7dff3609752d44b729f677bebe73dc89ea764d81707d90362d.json.gpg is empty (path byte-identical to frozen main)
data/linear-export/f6cba355-c75a-4235-8888-13cb6b2ecd32/baseline-comments-2-f3be8e9dba966b9f3f8d512d2b10ef9d56577d91d0333611507bfabec936843d.json.gpg	data/linear-export/f6cba355-c75a-4235-8888-13cb6b2ecd32/baseline-comments-2-f3be8e9dba966b9f3f8d512d2b10ef9d56577d91d0333611507bfabec936843d.json.gpg	fork-only	s8223067d8ad0	fix(session): HOME-149 audit remediation	none (fork-only path)	retained	fork-only path; carried through merge unchanged	fork-only sweep: git diff 79b037e420943010e03727d7cdb22f05e64507b7..eb795f45e8 -- data/linear-export/f6cba355-c75a-4235-8888-13cb6b2ecd32/baseline-comments-2-f3be8e9dba966b9f3f8d512d2b10ef9d56577d91d0333611507bfabec936843d.json.gpg is empty (path byte-identical to frozen main)
data/linear-export/f6cba355-c75a-4235-8888-13cb6b2ecd32/baseline-initiativeToProjects-0-66c0b4e2cf3b7ba75b9571884930ee881caf71c45a1a077d9277cdfd68398d98.json.gpg	data/linear-export/f6cba355-c75a-4235-8888-13cb6b2ecd32/baseline-initiativeToProjects-0-66c0b4e2cf3b7ba75b9571884930ee881caf71c45a1a077d9277cdfd68398d98.json.gpg	fork-only	s3e52179e3fd3	fix(session): HOME-149 audit remediation	none (fork-only path)	retained	fork-only path; carried through merge unchanged	fork-only sweep: git diff 79b037e420943010e03727d7cdb22f05e64507b7..eb795f45e8 -- data/linear-export/f6cba355-c75a-4235-8888-13cb6b2ecd32/baseline-initiativeToProjects-0-66c0b4e2cf3b7ba75b9571884930ee881caf71c45a1a077d9277cdfd68398d98.json.gpg is empty (path byte-identical to frozen main)
data/linear-export/f6cba355-c75a-4235-8888-13cb6b2ecd32/baseline-initiatives-0-71154621c2b35f6a342aca67a8878147d15e9e7f0454b069d9cd3b0950cacde0.json.gpg	data/linear-export/f6cba355-c75a-4235-8888-13cb6b2ecd32/baseline-initiatives-0-71154621c2b35f6a342aca67a8878147d15e9e7f0454b069d9cd3b0950cacde0.json.gpg	fork-only	s95c6cbfa5c6e	fix(session): HOME-149 audit remediation	none (fork-only path)	retained	fork-only path; carried through merge unchanged	fork-only sweep: git diff 79b037e420943010e03727d7cdb22f05e64507b7..eb795f45e8 -- data/linear-export/f6cba355-c75a-4235-8888-13cb6b2ecd32/baseline-initiatives-0-71154621c2b35f6a342aca67a8878147d15e9e7f0454b069d9cd3b0950cacde0.json.gpg is empty (path byte-identical to frozen main)
data/linear-export/f6cba355-c75a-4235-8888-13cb6b2ecd32/baseline-issueLabels-0-f3d943e3d853541a15da1544b2422032943c5e6b47001167d572ad3f36652d7d.json.gpg	data/linear-export/f6cba355-c75a-4235-8888-13cb6b2ecd32/baseline-issueLabels-0-f3d943e3d853541a15da1544b2422032943c5e6b47001167d572ad3f36652d7d.json.gpg	fork-only	s58bceaf61af2	fix(session): HOME-149 audit remediation	none (fork-only path)	retained	fork-only path; carried through merge unchanged	fork-only sweep: git diff 79b037e420943010e03727d7cdb22f05e64507b7..eb795f45e8 -- data/linear-export/f6cba355-c75a-4235-8888-13cb6b2ecd32/baseline-issueLabels-0-f3d943e3d853541a15da1544b2422032943c5e6b47001167d572ad3f36652d7d.json.gpg is empty (path byte-identical to frozen main)
data/linear-export/f6cba355-c75a-4235-8888-13cb6b2ecd32/baseline-issueRelations-0-915702a848cd4fc0bb5a3f652f3379617689b8b90454e872eae3a8e0562ff6ef.json.gpg	data/linear-export/f6cba355-c75a-4235-8888-13cb6b2ecd32/baseline-issueRelations-0-915702a848cd4fc0bb5a3f652f3379617689b8b90454e872eae3a8e0562ff6ef.json.gpg	fork-only	s1957b09e5d8e	fix(session): HOME-149 audit remediation	none (fork-only path)	retained	fork-only path; carried through merge unchanged	fork-only sweep: git diff 79b037e420943010e03727d7cdb22f05e64507b7..eb795f45e8 -- data/linear-export/f6cba355-c75a-4235-8888-13cb6b2ecd32/baseline-issueRelations-0-915702a848cd4fc0bb5a3f652f3379617689b8b90454e872eae3a8e0562ff6ef.json.gpg is empty (path byte-identical to frozen main)
data/linear-export/f6cba355-c75a-4235-8888-13cb6b2ecd32/baseline-issues-0-075198295770cb2f280de7ce7bdc54950f10b689973bf0a42bbd1e6cfb40844f.json.gpg	data/linear-export/f6cba355-c75a-4235-8888-13cb6b2ecd32/baseline-issues-0-075198295770cb2f280de7ce7bdc54950f10b689973bf0a42bbd1e6cfb40844f.json.gpg	fork-only	sb5073fe19808	fix(session): HOME-149 audit remediation	none (fork-only path)	retained	fork-only path; carried through merge unchanged	fork-only sweep: git diff 79b037e420943010e03727d7cdb22f05e64507b7..eb795f45e8 -- data/linear-export/f6cba355-c75a-4235-8888-13cb6b2ecd32/baseline-issues-0-075198295770cb2f280de7ce7bdc54950f10b689973bf0a42bbd1e6cfb40844f.json.gpg is empty (path byte-identical to frozen main)
data/linear-export/f6cba355-c75a-4235-8888-13cb6b2ecd32/baseline-issues-1-d9414e41a400b52a69ab6e6e86c9d37b603e12db6259cee3a8cb8000af9dafa7.json.gpg	data/linear-export/f6cba355-c75a-4235-8888-13cb6b2ecd32/baseline-issues-1-d9414e41a400b52a69ab6e6e86c9d37b603e12db6259cee3a8cb8000af9dafa7.json.gpg	fork-only	sdf007939084d	fix(session): HOME-149 audit remediation	none (fork-only path)	retained	fork-only path; carried through merge unchanged	fork-only sweep: git diff 79b037e420943010e03727d7cdb22f05e64507b7..eb795f45e8 -- data/linear-export/f6cba355-c75a-4235-8888-13cb6b2ecd32/baseline-issues-1-d9414e41a400b52a69ab6e6e86c9d37b603e12db6259cee3a8cb8000af9dafa7.json.gpg is empty (path byte-identical to frozen main)
data/linear-export/f6cba355-c75a-4235-8888-13cb6b2ecd32/baseline-issues-2-e86a9c8329f17061359df530c0bef8274dd1a8e7a474bfae1577635c134a6e72.json.gpg	data/linear-export/f6cba355-c75a-4235-8888-13cb6b2ecd32/baseline-issues-2-e86a9c8329f17061359df530c0bef8274dd1a8e7a474bfae1577635c134a6e72.json.gpg	fork-only	s7d350c55999c	fix(session): HOME-149 audit remediation	none (fork-only path)	retained	fork-only path; carried through merge unchanged	fork-only sweep: git diff 79b037e420943010e03727d7cdb22f05e64507b7..eb795f45e8 -- data/linear-export/f6cba355-c75a-4235-8888-13cb6b2ecd32/baseline-issues-2-e86a9c8329f17061359df530c0bef8274dd1a8e7a474bfae1577635c134a6e72.json.gpg is empty (path byte-identical to frozen main)
data/linear-export/f6cba355-c75a-4235-8888-13cb6b2ecd32/baseline-projectMilestones-0-e9ad680017408850c3cfe0458ff2ffec741b0e7e1e69acd88267db12c63f7d06.json.gpg	data/linear-export/f6cba355-c75a-4235-8888-13cb6b2ecd32/baseline-projectMilestones-0-e9ad680017408850c3cfe0458ff2ffec741b0e7e1e69acd88267db12c63f7d06.json.gpg	fork-only	s37d04604bcc6	fix(session): HOME-149 audit remediation	none (fork-only path)	retained	fork-only path; carried through merge unchanged	fork-only sweep: git diff 79b037e420943010e03727d7cdb22f05e64507b7..eb795f45e8 -- data/linear-export/f6cba355-c75a-4235-8888-13cb6b2ecd32/baseline-projectMilestones-0-e9ad680017408850c3cfe0458ff2ffec741b0e7e1e69acd88267db12c63f7d06.json.gpg is empty (path byte-identical to frozen main)
data/linear-export/f6cba355-c75a-4235-8888-13cb6b2ecd32/baseline-projectUpdates-0-378f885cc25a6635a37f4d945a606cddf327b8a69f071fe8c11b5ce1ea2ff865.json.gpg	data/linear-export/f6cba355-c75a-4235-8888-13cb6b2ecd32/baseline-projectUpdates-0-378f885cc25a6635a37f4d945a606cddf327b8a69f071fe8c11b5ce1ea2ff865.json.gpg	fork-only	s17d04562deaa	fix(session): HOME-149 audit remediation	none (fork-only path)	retained	fork-only path; carried through merge unchanged	fork-only sweep: git diff 79b037e420943010e03727d7cdb22f05e64507b7..eb795f45e8 -- data/linear-export/f6cba355-c75a-4235-8888-13cb6b2ecd32/baseline-projectUpdates-0-378f885cc25a6635a37f4d945a606cddf327b8a69f071fe8c11b5ce1ea2ff865.json.gpg is empty (path byte-identical to frozen main)
data/linear-export/f6cba355-c75a-4235-8888-13cb6b2ecd32/baseline-projects-0-36a3a4255bae560f07b6099fcfd41a394d093fa7853a1112a63b07eb089ba394.json.gpg	data/linear-export/f6cba355-c75a-4235-8888-13cb6b2ecd32/baseline-projects-0-36a3a4255bae560f07b6099fcfd41a394d093fa7853a1112a63b07eb089ba394.json.gpg	fork-only	s6c0d6be30040	fix(session): HOME-149 audit remediation	none (fork-only path)	retained	fork-only path; carried through merge unchanged	fork-only sweep: git diff 79b037e420943010e03727d7cdb22f05e64507b7..eb795f45e8 -- data/linear-export/f6cba355-c75a-4235-8888-13cb6b2ecd32/baseline-projects-0-36a3a4255bae560f07b6099fcfd41a394d093fa7853a1112a63b07eb089ba394.json.gpg is empty (path byte-identical to frozen main)
data/linear-export/f6cba355-c75a-4235-8888-13cb6b2ecd32/baseline-teams-0-95c49ffe58f0bd8e2226eb16d6697b661a977207e73b974eaf3cabc39cbb2f45.json.gpg	data/linear-export/f6cba355-c75a-4235-8888-13cb6b2ecd32/baseline-teams-0-95c49ffe58f0bd8e2226eb16d6697b661a977207e73b974eaf3cabc39cbb2f45.json.gpg	fork-only	sa825fd1c9396	fix(session): HOME-149 audit remediation	none (fork-only path)	retained	fork-only path; carried through merge unchanged	fork-only sweep: git diff 79b037e420943010e03727d7cdb22f05e64507b7..eb795f45e8 -- data/linear-export/f6cba355-c75a-4235-8888-13cb6b2ecd32/baseline-teams-0-95c49ffe58f0bd8e2226eb16d6697b661a977207e73b974eaf3cabc39cbb2f45.json.gpg is empty (path byte-identical to frozen main)
data/linear-export/f6cba355-c75a-4235-8888-13cb6b2ecd32/baseline-workflowStates-0-7afc03c68a86faa1e3b10631983a5096b2032ef8f4ed146d01c1574e176ba361.json.gpg	data/linear-export/f6cba355-c75a-4235-8888-13cb6b2ecd32/baseline-workflowStates-0-7afc03c68a86faa1e3b10631983a5096b2032ef8f4ed146d01c1574e176ba361.json.gpg	fork-only	s9ee271ca7425	fix(session): HOME-149 audit remediation	none (fork-only path)	retained	fork-only path; carried through merge unchanged	fork-only sweep: git diff 79b037e420943010e03727d7cdb22f05e64507b7..eb795f45e8 -- data/linear-export/f6cba355-c75a-4235-8888-13cb6b2ecd32/baseline-workflowStates-0-7afc03c68a86faa1e3b10631983a5096b2032ef8f4ed146d01c1574e176ba361.json.gpg is empty (path byte-identical to frozen main)
data/linear-export/f6cba355-c75a-4235-8888-13cb6b2ecd32/manifest-6d6c61bde82a7af5f6554aef8d342a321947809f62f2128b5de849c2fab25dff.json.gpg	data/linear-export/f6cba355-c75a-4235-8888-13cb6b2ecd32/manifest-6d6c61bde82a7af5f6554aef8d342a321947809f62f2128b5de849c2fab25dff.json.gpg	fork-only	sb6e05d77c5df	fix(session): HOME-149 audit remediation	none (fork-only path)	retained	fork-only path; carried through merge unchanged	fork-only sweep: git diff 79b037e420943010e03727d7cdb22f05e64507b7..eb795f45e8 -- data/linear-export/f6cba355-c75a-4235-8888-13cb6b2ecd32/manifest-6d6c61bde82a7af5f6554aef8d342a321947809f62f2128b5de849c2fab25dff.json.gpg is empty (path byte-identical to frozen main)
data/linear-export/f6cba355-c75a-4235-8888-13cb6b2ecd32/overlap-attachments-0-a448ebd726705799eb463de552ae3288c953b0f3025965bafde288408e80db05.json.gpg	data/linear-export/f6cba355-c75a-4235-8888-13cb6b2ecd32/overlap-attachments-0-a448ebd726705799eb463de552ae3288c953b0f3025965bafde288408e80db05.json.gpg	fork-only	sde46778a76e8	fix(session): HOME-149 audit remediation	none (fork-only path)	retained	fork-only path; carried through merge unchanged	fork-only sweep: git diff 79b037e420943010e03727d7cdb22f05e64507b7..eb795f45e8 -- data/linear-export/f6cba355-c75a-4235-8888-13cb6b2ecd32/overlap-attachments-0-a448ebd726705799eb463de552ae3288c953b0f3025965bafde288408e80db05.json.gpg is empty (path byte-identical to frozen main)
data/linear-export/f6cba355-c75a-4235-8888-13cb6b2ecd32/overlap-comments-0-f94b4f28ca4a7db6733eae3e03a4b8e11c2860ba68816ee4f21c63e1f60c2c5d.json.gpg	data/linear-export/f6cba355-c75a-4235-8888-13cb6b2ecd32/overlap-comments-0-f94b4f28ca4a7db6733eae3e03a4b8e11c2860ba68816ee4f21c63e1f60c2c5d.json.gpg	fork-only	sfa6a57065143	fix(session): HOME-149 audit remediation	none (fork-only path)	retained	fork-only path; carried through merge unchanged	fork-only sweep: git diff 79b037e420943010e03727d7cdb22f05e64507b7..eb795f45e8 -- data/linear-export/f6cba355-c75a-4235-8888-13cb6b2ecd32/overlap-comments-0-f94b4f28ca4a7db6733eae3e03a4b8e11c2860ba68816ee4f21c63e1f60c2c5d.json.gpg is empty (path byte-identical to frozen main)
data/linear-export/f6cba355-c75a-4235-8888-13cb6b2ecd32/overlap-initiativeToProjects-0-4164313e4f2d517bbe72d631da3d470b24b4b53a368b7db0ee74c74665992d7e.json.gpg	data/linear-export/f6cba355-c75a-4235-8888-13cb6b2ecd32/overlap-initiativeToProjects-0-4164313e4f2d517bbe72d631da3d470b24b4b53a368b7db0ee74c74665992d7e.json.gpg	fork-only	s348b9709c766	fix(session): HOME-149 audit remediation	none (fork-only path)	retained	fork-only path; carried through merge unchanged	fork-only sweep: git diff 79b037e420943010e03727d7cdb22f05e64507b7..eb795f45e8 -- data/linear-export/f6cba355-c75a-4235-8888-13cb6b2ecd32/overlap-initiativeToProjects-0-4164313e4f2d517bbe72d631da3d470b24b4b53a368b7db0ee74c74665992d7e.json.gpg is empty (path byte-identical to frozen main)
data/linear-export/f6cba355-c75a-4235-8888-13cb6b2ecd32/overlap-initiatives-0-14c9204758771cdba21b563ff007a5cc0c6a2c775feed80de59233124652f9b8.json.gpg	data/linear-export/f6cba355-c75a-4235-8888-13cb6b2ecd32/overlap-initiatives-0-14c9204758771cdba21b563ff007a5cc0c6a2c775feed80de59233124652f9b8.json.gpg	fork-only	sfe61a1569326	fix(session): HOME-149 audit remediation	none (fork-only path)	retained	fork-only path; carried through merge unchanged	fork-only sweep: git diff 79b037e420943010e03727d7cdb22f05e64507b7..eb795f45e8 -- data/linear-export/f6cba355-c75a-4235-8888-13cb6b2ecd32/overlap-initiatives-0-14c9204758771cdba21b563ff007a5cc0c6a2c775feed80de59233124652f9b8.json.gpg is empty (path byte-identical to frozen main)
data/linear-export/f6cba355-c75a-4235-8888-13cb6b2ecd32/overlap-issueLabels-0-62ab374610ba9a6c5404b23f449f5a59830bd36ad2a86f17cc5bd74a2e5dca64.json.gpg	data/linear-export/f6cba355-c75a-4235-8888-13cb6b2ecd32/overlap-issueLabels-0-62ab374610ba9a6c5404b23f449f5a59830bd36ad2a86f17cc5bd74a2e5dca64.json.gpg	fork-only	s0ba00e030bd4	fix(session): HOME-149 audit remediation	none (fork-only path)	retained	fork-only path; carried through merge unchanged	fork-only sweep: git diff 79b037e420943010e03727d7cdb22f05e64507b7..eb795f45e8 -- data/linear-export/f6cba355-c75a-4235-8888-13cb6b2ecd32/overlap-issueLabels-0-62ab374610ba9a6c5404b23f449f5a59830bd36ad2a86f17cc5bd74a2e5dca64.json.gpg is empty (path byte-identical to frozen main)
data/linear-export/f6cba355-c75a-4235-8888-13cb6b2ecd32/overlap-issueRelations-0-8dbd3c56bff8e5ff977acf9b4343c498c36cfefa020bb0ee8e4455b9599dc71a.json.gpg	data/linear-export/f6cba355-c75a-4235-8888-13cb6b2ecd32/overlap-issueRelations-0-8dbd3c56bff8e5ff977acf9b4343c498c36cfefa020bb0ee8e4455b9599dc71a.json.gpg	fork-only	s876789f82fc6	fix(session): HOME-149 audit remediation	none (fork-only path)	retained	fork-only path; carried through merge unchanged	fork-only sweep: git diff 79b037e420943010e03727d7cdb22f05e64507b7..eb795f45e8 -- data/linear-export/f6cba355-c75a-4235-8888-13cb6b2ecd32/overlap-issueRelations-0-8dbd3c56bff8e5ff977acf9b4343c498c36cfefa020bb0ee8e4455b9599dc71a.json.gpg is empty (path byte-identical to frozen main)
data/linear-export/f6cba355-c75a-4235-8888-13cb6b2ecd32/overlap-issues-0-a09f606588c06c285f6edc95b7eefa21293959ee24c509c0dd2c9ec582b0f773.json.gpg	data/linear-export/f6cba355-c75a-4235-8888-13cb6b2ecd32/overlap-issues-0-a09f606588c06c285f6edc95b7eefa21293959ee24c509c0dd2c9ec582b0f773.json.gpg	fork-only	s5d3f45852dfc	fix(session): HOME-149 audit remediation	none (fork-only path)	retained	fork-only path; carried through merge unchanged	fork-only sweep: git diff 79b037e420943010e03727d7cdb22f05e64507b7..eb795f45e8 -- data/linear-export/f6cba355-c75a-4235-8888-13cb6b2ecd32/overlap-issues-0-a09f606588c06c285f6edc95b7eefa21293959ee24c509c0dd2c9ec582b0f773.json.gpg is empty (path byte-identical to frozen main)
data/linear-export/f6cba355-c75a-4235-8888-13cb6b2ecd32/overlap-projectMilestones-0-e5cef9cd4c634b1a0e2734ec8716eca87ca689fbb1395a32d245e9c0ab1b63da.json.gpg	data/linear-export/f6cba355-c75a-4235-8888-13cb6b2ecd32/overlap-projectMilestones-0-e5cef9cd4c634b1a0e2734ec8716eca87ca689fbb1395a32d245e9c0ab1b63da.json.gpg	fork-only	s29bf93dc1757	fix(session): HOME-149 audit remediation	none (fork-only path)	retained	fork-only path; carried through merge unchanged	fork-only sweep: git diff 79b037e420943010e03727d7cdb22f05e64507b7..eb795f45e8 -- data/linear-export/f6cba355-c75a-4235-8888-13cb6b2ecd32/overlap-projectMilestones-0-e5cef9cd4c634b1a0e2734ec8716eca87ca689fbb1395a32d245e9c0ab1b63da.json.gpg is empty (path byte-identical to frozen main)
data/linear-export/f6cba355-c75a-4235-8888-13cb6b2ecd32/overlap-projectUpdates-0-5dcd73a84f7458635ff79c093a339993d3967d5767213cc441cf3e2c4890eda6.json.gpg	data/linear-export/f6cba355-c75a-4235-8888-13cb6b2ecd32/overlap-projectUpdates-0-5dcd73a84f7458635ff79c093a339993d3967d5767213cc441cf3e2c4890eda6.json.gpg	fork-only	s52cd3bb5d39b	fix(session): HOME-149 audit remediation	none (fork-only path)	retained	fork-only path; carried through merge unchanged	fork-only sweep: git diff 79b037e420943010e03727d7cdb22f05e64507b7..eb795f45e8 -- data/linear-export/f6cba355-c75a-4235-8888-13cb6b2ecd32/overlap-projectUpdates-0-5dcd73a84f7458635ff79c093a339993d3967d5767213cc441cf3e2c4890eda6.json.gpg is empty (path byte-identical to frozen main)
data/linear-export/f6cba355-c75a-4235-8888-13cb6b2ecd32/overlap-projects-0-9c47e13e5e4464aa6f3ac1deec947c2365af29a58ea5a0618ff31e33ab962e7b.json.gpg	data/linear-export/f6cba355-c75a-4235-8888-13cb6b2ecd32/overlap-projects-0-9c47e13e5e4464aa6f3ac1deec947c2365af29a58ea5a0618ff31e33ab962e7b.json.gpg	fork-only	s826e1b93b925	fix(session): HOME-149 audit remediation	none (fork-only path)	retained	fork-only path; carried through merge unchanged	fork-only sweep: git diff 79b037e420943010e03727d7cdb22f05e64507b7..eb795f45e8 -- data/linear-export/f6cba355-c75a-4235-8888-13cb6b2ecd32/overlap-projects-0-9c47e13e5e4464aa6f3ac1deec947c2365af29a58ea5a0618ff31e33ab962e7b.json.gpg is empty (path byte-identical to frozen main)
data/linear-export/f6cba355-c75a-4235-8888-13cb6b2ecd32/overlap-teams-0-6751fb58f34b33448cbc24e56bd3dee821110a8fc2f230ea8f0bc2a2b196ece1.json.gpg	data/linear-export/f6cba355-c75a-4235-8888-13cb6b2ecd32/overlap-teams-0-6751fb58f34b33448cbc24e56bd3dee821110a8fc2f230ea8f0bc2a2b196ece1.json.gpg	fork-only	sab2ccd737be2	fix(session): HOME-149 audit remediation	none (fork-only path)	retained	fork-only path; carried through merge unchanged	fork-only sweep: git diff 79b037e420943010e03727d7cdb22f05e64507b7..eb795f45e8 -- data/linear-export/f6cba355-c75a-4235-8888-13cb6b2ecd32/overlap-teams-0-6751fb58f34b33448cbc24e56bd3dee821110a8fc2f230ea8f0bc2a2b196ece1.json.gpg is empty (path byte-identical to frozen main)
data/linear-export/f6cba355-c75a-4235-8888-13cb6b2ecd32/overlap-workflowStates-0-a4d526d5a0d9d0f3eeb60877dcc23c363c9a3db4293525d4d4a5f71229b22a9a.json.gpg	data/linear-export/f6cba355-c75a-4235-8888-13cb6b2ecd32/overlap-workflowStates-0-a4d526d5a0d9d0f3eeb60877dcc23c363c9a3db4293525d4d4a5f71229b22a9a.json.gpg	fork-only	s0e71bfab2c03	fix(session): HOME-149 audit remediation	none (fork-only path)	retained	fork-only path; carried through merge unchanged	fork-only sweep: git diff 79b037e420943010e03727d7cdb22f05e64507b7..eb795f45e8 -- data/linear-export/f6cba355-c75a-4235-8888-13cb6b2ecd32/overlap-workflowStates-0-a4d526d5a0d9d0f3eeb60877dcc23c363c9a3db4293525d4d4a5f71229b22a9a.json.gpg is empty (path byte-identical to frozen main)
data/linear-export/f6cba355-c75a-4235-8888-13cb6b2ecd32/privacy-report-b38b66b418fb129209f1c8a1a226eb2a15c5a021f5227644fb5e6597a02333e4.json.gpg	data/linear-export/f6cba355-c75a-4235-8888-13cb6b2ecd32/privacy-report-b38b66b418fb129209f1c8a1a226eb2a15c5a021f5227644fb5e6597a02333e4.json.gpg	fork-only	sb3652d863470	fix(session): HOME-149 audit remediation	none (fork-only path)	retained	fork-only path; carried through merge unchanged	fork-only sweep: git diff 79b037e420943010e03727d7cdb22f05e64507b7..eb795f45e8 -- data/linear-export/f6cba355-c75a-4235-8888-13cb6b2ecd32/privacy-report-b38b66b418fb129209f1c8a1a226eb2a15c5a021f5227644fb5e6597a02333e4.json.gpg is empty (path byte-identical to frozen main)
data/linear-export/f6cba355-c75a-4235-8888-13cb6b2ecd32/scope-report-1c517d9a6496b70fec59735c949396b26ed50138425bd110574f477bb155e414.json.gpg	data/linear-export/f6cba355-c75a-4235-8888-13cb6b2ecd32/scope-report-1c517d9a6496b70fec59735c949396b26ed50138425bd110574f477bb155e414.json.gpg	fork-only	s1fc3cd4dfcb7	fix(session): HOME-149 audit remediation	none (fork-only path)	retained	fork-only path; carried through merge unchanged	fork-only sweep: git diff 79b037e420943010e03727d7cdb22f05e64507b7..eb795f45e8 -- data/linear-export/f6cba355-c75a-4235-8888-13cb6b2ecd32/scope-report-1c517d9a6496b70fec59735c949396b26ed50138425bd110574f477bb155e414.json.gpg is empty (path byte-identical to frozen main)
data/linear-export/f6cba355-c75a-4235-8888-13cb6b2ecd32/source-hashes-08826c0c8248bb5048b78068a1f6d5823a68c9dcda3d1350d624632c8a1dace1.json.gpg	data/linear-export/f6cba355-c75a-4235-8888-13cb6b2ecd32/source-hashes-08826c0c8248bb5048b78068a1f6d5823a68c9dcda3d1350d624632c8a1dace1.json.gpg	fork-only	s4dcb18a78595	fix(session): HOME-149 audit remediation	none (fork-only path)	retained	fork-only path; carried through merge unchanged	fork-only sweep: git diff 79b037e420943010e03727d7cdb22f05e64507b7..eb795f45e8 -- data/linear-export/f6cba355-c75a-4235-8888-13cb6b2ecd32/source-hashes-08826c0c8248bb5048b78068a1f6d5823a68c9dcda3d1350d624632c8a1dace1.json.gpg is empty (path byte-identical to frozen main)
data/linear-export/finalize/report-124891316e3bbaef0358ec60242a12e8352b42aad964d5748e39833db6c8f4f8.json.gpg	data/linear-export/finalize/report-124891316e3bbaef0358ec60242a12e8352b42aad964d5748e39833db6c8f4f8.json.gpg	fork-only	sa8bd2211a593	fix(session): HOME-149 audit remediation	none (fork-only path)	retained	fork-only path; carried through merge unchanged	fork-only sweep: git diff 79b037e420943010e03727d7cdb22f05e64507b7..eb795f45e8 -- data/linear-export/finalize/report-124891316e3bbaef0358ec60242a12e8352b42aad964d5748e39833db6c8f4f8.json.gpg is empty (path byte-identical to frozen main)
docs/extensions.md	docs/extensions.md	shared	s1395529f30bc	session candidate: OMP-108; Add 'session-system/' from commit '04059416c063478b806a64fd33afc42823557b66'	upstream 18.0.6 modified this path; clean textual merge predicted	retained	clean textual merge of upstream and fork edits; fork behavior verified by candidate gates	gates 4 (bun run check:ts) and 7 (bun run test:ts) green on the candidate; see handoff §Gate results
docs/work-ledger-operations.md	docs/work-ledger-operations.md	fork-only	s883af3405d4e	session candidate: OMP-108; session candidate: HOME-149; fix(cutover): resolve final audit findings; fix(work-ledger): finalize cutover remediation; feat(work-ledger): implement controlled Linear cutover (HOME-148); feat(work-ledger): cutover coordinator, freeze fence, rehearsal smoke reuse (HOME-148); feat(work-ledger): PostgreSQL Work Ledger with Linear export and import (HOME-143, HOME-144, HOME-145, HOME-146)	none (fork-only path)	retained	fork-only path; carried through merge unchanged	fork-only sweep: git diff 79b037e420943010e03727d7cdb22f05e64507b7..eb795f45e8 -- docs/work-ledger-operations.md is empty (path byte-identical to frozen main)
infra/work-ledger/install.sh	infra/work-ledger/install.sh	fork-only	s8ff3c7c70087	session candidate: OMP-108; feat(work-ledger): implement controlled Linear cutover (HOME-148); feat(work-ledger): cutover authority, OAuth exporter credential, atomic activation (HOME-148); feat(work-ledger): interactive OMP workflow on WorkService (HOME-146, HOME-147); feat(work-ledger): PostgreSQL Work Ledger with Linear export and import (HOME-143, HOME-144, HOME-145, HOME-146)	none (fork-only path)	retained	fork-only path; carried through merge unchanged	fork-only sweep: git diff 79b037e420943010e03727d7cdb22f05e64507b7..eb795f45e8 -- infra/work-ledger/install.sh is empty (path byte-identical to frozen main)
infra/work-ledger/linear-import-map.json	infra/work-ledger/linear-import-map.json	fork-only	s5159e5ac3019	feat(work-ledger): implement controlled Linear cutover (HOME-148); feat(work-ledger): cutover authority, OAuth exporter credential, atomic activation (HOME-148)	none (fork-only path)	retained	fork-only path; carried through merge unchanged	fork-only sweep: git diff 79b037e420943010e03727d7cdb22f05e64507b7..eb795f45e8 -- infra/work-ledger/linear-import-map.json is empty (path byte-identical to frozen main)
package.json	package.json	shared	s2f1b44d02c8a	session candidate: OMP-47; session candidate: OMP-21; feat(work-ledger): PostgreSQL Work Ledger with Linear export and import (HOME-143, HOME-144, HOME-145, HOME-146)	upstream 18.0.6 modified this path; clean textual merge predicted	re-fitted	Union: upstream test:scripts gains scripts/ci-test-ts.test.ts, fork adds scripts/verify-upstream-handoff.test.ts; fork test:py made checkout-hermetic via uv run --project (python 3.14 host drift; see handoff); all other fork scripts retained	bun run test:scripts (gate 8, 47+ pass) and bun run test:py (gate 9: 31+69+664 passed) on the candidate
packages/ai/CHANGELOG.md	packages/ai/CHANGELOG.md	shared	sd7580da4f7ef	Merge tag 'v17.3.2'; fix(ai): accept thinking-only Gemini Cloud Code Assist responses instead of treating silence as failure (HOME-120); Add 'session-system/' from commit '04059416c063478b806a64fd33afc42823557b66'	upstream 18.0.6 modified this path; clean textual merge predicted	retained	clean textual merge of upstream and fork edits; fork behavior verified by candidate gates	gates 4 (bun run check:ts) and 7 (bun run test:ts) green on the candidate; see handoff §Gate results
packages/ai/src/providers/google-gemini-cli.ts	packages/ai/src/providers/google-gemini-cli.ts	shared	sbde6d41e9f38,sfaf19f4d04e4	Merge tag 'v17.3.2'; fix(ai): accept thinking-only Gemini Cloud Code Assist responses instead of treating silence as failure (HOME-120); Add 'session-system/' from commit '04059416c063478b806a64fd33afc42823557b66'	upstream 18.0.6 reworked this path; textual conflict predicted by merge-tree preview	re-fitted	Keep fork fetchWithRetry, planning-leak stripping, and visible-content accounting; adopt upstream hasThinkingOutput/thoughtOnly semantics so a thought event commits the endpoint, skips duplicate empty retries/failover, becomes valid silence only for acceptEmptyResponse, and otherwise raises empty-output for session-level recovery.	bun test packages/ai/test/google-empty-response-retry.test.ts — 23 pass, 0 fail
packages/ai/test/context-overflow.test.ts	packages/ai/test/context-overflow.test.ts	fork-only	s359842878ff1	test: reconcile context-overflow, kitty DA1, and system-prompt-dedup tests after v17.3.2 merge; Add 'session-system/' from commit '04059416c063478b806a64fd33afc42823557b66'	none (fork-only path)	retained	fork-only path; carried through merge unchanged	fork-only sweep: git diff 79b037e420943010e03727d7cdb22f05e64507b7..eb795f45e8 -- packages/ai/test/context-overflow.test.ts is empty (path byte-identical to frozen main)
packages/ai/test/google-empty-response-retry.test.ts	packages/ai/test/google-empty-response-retry.test.ts	shared	sdf276a239558,sebc3e5755f6c	test(ai): reconcile thinking-only silence tests with fork policy after v17.3.2 merge (HOME-123); Merge tag 'v17.3.2'; fix(ai): accept thinking-only Gemini Cloud Code Assist responses instead of treating silence as failure (HOME-120); Add 'session-system/' from commit '04059416c063478b806a64fd33afc42823557b66'	upstream 18.0.6 reworked this path; textual conflict predicted by merge-tree preview	re-fitted	Keep Bun imports and fork retry/planning-leak cases; adopt upstream one-call thought-only recovery, advisor thought-only no-failover, emitted thinking events, and AIError.Flag.EmptyResponse assertions.	bun test packages/ai/test/google-empty-response-retry.test.ts — 23 pass, 0 fail
packages/ai/test/google-gemini-cli-variant-routing.test.ts	packages/ai/test/google-gemini-cli-variant-routing.test.ts	fork-only	sa1d070ef56fb,s72e49554235d,sb3eef0ebe8b7,s28b134cce1bc,s8e569086dc7d	fix(catalog): clamp Gemini Flash minimal thinking for Cloud Code Assist; Add 'session-system/' from commit '04059416c063478b806a64fd33afc42823557b66'	none (fork-only path)	retained	fork-only path; carried through merge unchanged	fork-only sweep: git diff 79b037e420943010e03727d7cdb22f05e64507b7..eb795f45e8 -- packages/ai/test/google-gemini-cli-variant-routing.test.ts is empty (path byte-identical to frozen main)
packages/catalog/CHANGELOG.md	packages/catalog/CHANGELOG.md	shared	sc0bf66f90063	fix(catalog): clamp Gemini Flash minimal thinking for Cloud Code Assist	upstream 18.0.6 modified this path; clean textual merge predicted	retained	clean textual merge of upstream and fork edits; fork behavior verified by candidate gates	gates 4 (bun run check:ts) and 7 (bun run test:ts) green on the candidate; see handoff §Gate results
packages/catalog/src/model-cache.ts	packages/catalog/src/model-cache.ts	shared	s755aa9c63c59,s3e7ccf804896	fix(catalog): clamp Gemini Flash minimal thinking for Cloud Code Assist; Add 'session-system/' from commit '04059416c063478b806a64fd33afc42823557b66'	upstream 18.0.6 modified this path; clean textual merge predicted	retained	clean textual merge of upstream and fork edits; fork behavior verified by candidate gates	gates 4 (bun run check:ts) and 7 (bun run test:ts) green on the candidate; see handoff §Gate results
packages/catalog/src/models.json	packages/catalog/src/models.json	shared	s19ac338ea222,s033bdb164758,sa0a24d52fad2,sd7856f23fdee,s64963bcfba0f,sf7d739cd5b8e,s52411349547d,saeb2f0e5f196,sc691deaf8835,s91da56e23fce,s3e33bf08364d,s7356bce6d61f,sd78a1c7dcbc7,sf54ee3f7bf30,sd1d0c4d0f5be,sfda0d92caad7,s6145fc44e8c0,s627263a2bb44,s2f8b4df27339,s42aeaa017caa,s7f6a94d82f01,sc69cd57a6b6b,s1a7ccde98779,sa2f500abe551,sc26d8aaab8e3,scb211b618d12,s39276c6e44ac,s9791328254a2,s7dd3048e70e8,sa672125cdcb1,s7b75613522fc,s06b8c09ead77,sc4086c4ce54d,sfe9df373fa5d,sd09a4ac2632b,s62de7dd5e7f5,s75071b4230b1,s2a5d115360d7,sdecbeaedf8fd,sa434c1fcd68c,sa72b0a204a00,s329f1f431e43,sab7db6e18bbe,s795bb1a59095,s57a7a2d55152,s836c1c132cde,s2d1d51016d7b,s433eedf71762,sf67c4362a3cb,sa1e2b23db9e2,s07fcc95512f3,s7b86878ec788,s11416c12c273,s675f3e25a8ea,s7578cc4868bf,s38dd7acf88ee,sb71f514e6280,sf7a5f0c1a898,s97d8bf759ad7,saa0a6f2cc50f,s0473dc572198,sf9e135b915c1,sc80d04000d8b,s8f67d93cb84e,sfd66acd57d4c,s20778dd3b175,s8ec2c54b843c,sec461897c889,s95d4f5cf5509,sc59b1fe7c906,s476c6d6cf162,s03f68c050f4a,sa85194bb1831,sac90a632b6b6,s38d5ec3980e5,s64ff3798a5da,s921dfb414a87,s42f176561db6,s8cdf52597caa,scba1d1f5f1d3,s5a8573e6cd9e,s8fbe811fa594,s46055b49de13,s31f620081154,s503f91d70f7e,sb6c40f2e3d13,s3b22a29adf36,s9fcd5279ef27,sb41cebfacb6c,sda00dbc8e9e4,se0d4fede9d29,s74709ef5aa5f,sa6325cee5ea8,se2fb761537cf,s97c289b54071,s7294263809f5,sf1e34e157d43,s3b214f9dbf12,sacf7825a50e0,s539486d4e860,s4187484ea1e2,s701c1a408ba2,se659442ef55f,s29f4620a2339,sbe546e7a88e6,s79c5aeef9086,s6aa17d324bfe,sfea7b50abbb2,s3454bf22ec5d,se19aaa4dfe9b,s4e7cfb42e093,s3b5021f76ce7,scf33adf667a5,s149937b706f8,s92c29b209251,sb622732ad742,sd41a5b4ea825,s3f37357a6c34,s718e88c0dffa,sb31252f3eb48,s0ce8e31e8e4b,see3092f18d95,sa8217794f73a,s110d8c154ebf,s002d8e332456,s1452b4948a84,s73d825db8ff4,s2b5b0f3577d5,s7c052de51095,sa2617ed814e8,s15be1a5769ff,s452463388a8b,s3f45f45f8ba8,sa21f1840f869,sb49787d1b500,sc3413a550166,sdae893153bb3,sf417a381db37,s1d3a79da069d,sbb42af5b097a,sdcad964e32a6,s583a599a14df,s35c0a2121412,s0168b3807439,sec880dbc2f5b,s68752f23a44d,s82221d351926,sf4571a51f6e1,s233d1595a8d9,saf71b92ec321,s13fb2b3218e0,s48fae2992edc,sc38de8a01a6b,s5c6370411cfa,s2e9e90550aa6,s85819cf5ed2c,sdc370322ee4b,sa7481471ed26,s70529d94f78f,s66473538f616,s24ace739e21d,s66e4ffb9c693,s5ede20ec6c90,s3905cc4ce392,sef42590f5160,s00f957a7adef,s34124cf1f178,sc0fb70169c3f,s7cee0b8c0691,s9c0cd3b5dead,s452e0f59ca23,s9b7515c8d9ff,sa0206dc81774,s4701db25d7be,s56dac37dc75b,sfa02d4ecc78e,s2fde161e94a1,sfccd245765f0,s42947c688980,sfb6f57349c0e,sa7e6f97da794,sb1b16cdc7f37,s9afd0a896121,scb3f9223cae5,s90828590734f,s4c2e2f2da620,s78623e9dbc2f,s29f2c5919208,scc44a1068994,s0bf0e37fffdb,s7ed94c154152,sdb8872a54135,s4b7cb82070b6,s053ff662eefc,s26797175335d,s31fde42df33f,s39c38f56bf87,sf6d480990a89,s0bdc5bd737c4,s561ab34859b7,s8390a28bfdfe,s199351011eba,sd13b33f5a5d9,sa34e532299a2,sa160988ef5c9,s251a02347cb2,s821f84e3153b,s8259ad7f4a05,s3e3dd261d97f,s8fbfa6e1c329,s88f72af35cc6,s19f88a1d7c66,sc47ab48a6075,s6ea7b02ce9ed,s4d2dfc41e00c,s9828c978b47b,s81dcb39c2517,s337dbf4da199,s587915f3fd51,s70134e85fae8,sf95d2326a0fa,s6b899100f243,sb142f647b3c8,sc0bfc5140d0a,s373c16e487d2,s91e43f0e21b1,s3922f7427fbb,s32763f34e736,s5d9839aa0fbd,scb3893d8470b,s6467516d035a,s62dbc1b74b05,s164408ed52ed,s76ac47791d32,s67ec247b0c59,sa9f6ed2fff0a,sfadaca891b9f,se63d4b7165b0,s22d070d2efc9,s17db956acb79,s063c1fcceb1f,s62700ce5f91a,s2a5ea79cf27c,s4a9fb9dbd7ef,sa6f21c65c9ed,s13ca866714aa,s1aee81c25389,s257711811673,s05688a600616,s952b3bf7d90c,s1041d15a9e6d,sb2d5d6c0c2cb,sa4d3dc086a5e,sec9bac50d073,s1ab2a999b81c,s75dc7445b24d,s111688bd424d,s5c518128e5dd,sfb0c5f13a5fa,sd750e221d580,s0d67f2e4478c,s61296af696ef,s42aef98ef121,s3ee607223e39,scb259d3e9648,sf692463ad2fd,sca4ff760b670,sa9cda5673130,sfd8e308d0d89,sd0608d3ab4bb,s57ebf448ab59,sad1946b281d6,sff1980b9a1f8,s0efd47698553,s37cf8d66ef9e,s113e9575b5d7,scf2caddb030c,s3a3807b311f7,s6bb6dfc7fca9,sf2567ede65f7,s8dd940ce03b6,s503edfca2e16,s0add950c6a06,sd677475c842c,sbde9d67c7f95,s169f3a03b542,s48518c53ea67,sd48f9336646f,sc2295131dc76,sd4c0209fbade,sadfc77c49550,s34e3a306b294,sfed215dfcb74,s0378f8e3d77a,s948b6a231350,se3cf1a0b8b90,sbae983271122,sbf73e3459ef8,sff76322ca03d,s912e31a14998,s15606b9aedd9,s53526404296b,s5f1cffa31c6d,s275696549601,se7a1448529fd,saaa9c964d62f,se3307dab92e7,sd4e82b2a5a10,s1cd6332134a3,sb6a94bf07ba8,s88b2c48829cf,s998c733b1be9,sc24cd654db43,s458fc1f7f44e,sb986c77216c4,sa1ffa1f36308,s6f8c286eff37,s5e9e0de1e196,sf933f64128b9,s281324ed9a72,s1d89687f1f84,s2efc0d428ac0,s33694a7cd717,sa2a2875d5984,s07eb2da9f8a2,sead0d6332662,sa0740a12ec07,s3cbe21716f52,sb29a3017ac54,scb1ffb53dabf,s3f8de716ba1e,sa13422f6c8d3,s1be6ae8e7b3e,s18b73c67b261,sd090833ab5f7,s789c3b1dc862,s8f0d71eda2cc,s755b70f0f68d,s6b971deb6eee,sfe68a4760527,s0dee66285de1,sac5575c60617,s706b9c2ec77a,s1af2f5b01ae7,sc8cbaed8c532,sce3820d7d69b,s3248061e36a3,sfa5a0adc245b,sb3d6584c7c7c,sc9230b513d1a,sa6225b9f1470,se5f18ff17236,s4b42fa98a4a9,sea4990eb031b,s05202090b89a,s86432d3225e9,saf57b9e2c26d,s656bc89d04bd	fix(catalog): clamp Gemini Flash minimal thinking for Cloud Code Assist	upstream 18.0.6 reworked this path; textual conflict predicted by merge-tree preview	re-fitted	Never hand-resolve; merge provider/catalog sources, run generator, and accept generated output only.	bun run gen:models && git diff --exit-code -- packages/catalog/src/models.json — fixpoint at a864f00dae (generated output committed verbatim; generator merges live provider discovery)
packages/catalog/src/variant-collapse.ts	packages/catalog/src/variant-collapse.ts	shared	s87ace149ee96,s020af7de1d94,sadfec7866eff,s54d30b175b5d	fix(catalog): clamp Gemini Flash minimal thinking for Cloud Code Assist	upstream 18.0.6 modified this path; clean textual merge predicted	retained	clean textual merge of upstream and fork edits; fork behavior verified by candidate gates	gates 4 (bun run check:ts) and 7 (bun run test:ts) green on the candidate; see handoff §Gate results
packages/catalog/test/build.test.ts	packages/catalog/test/build.test.ts	shared	s540edbb6afaa,sf992ba40553a,s802d47501a76,s236b3833daa3,s6c9e6c4ff7df,s55dfe33d06e3,sc1e6a0239445,s2ca9dda7ac55	fix(catalog): clamp Gemini Flash minimal thinking for Cloud Code Assist; Add 'session-system/' from commit '04059416c063478b806a64fd33afc42823557b66'	upstream 18.0.6 modified this path; clean textual merge predicted	retained	clean textual merge of upstream and fork edits; fork behavior verified by candidate gates	bun test packages/catalog/test/build.test.ts green inside gate 7 (bun run test:ts) on the candidate
packages/catalog/test/variant-collapse.test.ts	packages/catalog/test/variant-collapse.test.ts	shared	s6aed117ea033,sc92f45e9a109,s8aeaff183f88,s3741a361db9d	fix(catalog): clamp Gemini Flash minimal thinking for Cloud Code Assist	upstream 18.0.6 reworked this path; textual conflict predicted by merge-tree preview	re-fitted	Keep fork Antigravity Gemini 3.7, Devin GLM-5.2, alias, discovery, and effort-routing cases; add upstream CURSOR_VARIANT_COLLAPSE_TABLE, dynamic Cursor Grok tier families/aliases, defaultSupportedEffort, and revised Antigravity-before-CCA provisioning cases.	bun test packages/catalog/test/variant-collapse.test.ts — 58 pass, 0 fail
packages/coding-agent/CHANGELOG.md	packages/coding-agent/CHANGELOG.md	shared	s43108a1d45c9	session candidate: OMP-108; session candidate: OMP-89; feat(coding-agent): inline setStatus placement beside path segment (HOME-130); feat(coding-agent): cancellable plan_approved extension event (HOME-122); Merge tag 'v17.3.2'; feat(coding-agent): expose taskDepth on ExtensionContext to distinguish main session from subagents (HOME-120); Add 'session-system/' from commit '04059416c063478b806a64fd33afc42823557b66'	upstream 18.0.6 modified this path; clean textual merge predicted	retained	clean textual merge of upstream and fork edits; fork behavior verified by candidate gates	gates 4 (bun run check:ts) and 7 (bun run test:ts) green on the candidate; see handoff §Gate results
packages/coding-agent/src/advisor/advise-tool.ts	packages/coding-agent/src/advisor/advise-tool.ts	shared	s67c03e2e13cb,s439c8a5d4874,s08be7000ee7f,sdce212ac9095,s8f5cfcbfcd89,s7dbd89d6641e,s941f538a8a2c,s806d3960cbd1,se2b7d26888cf,s9000f5477ae3,s8040cafc49f6,sfea63872491d,sba5c69e54d8d	session candidate: OMP-47; Add 'session-system/' from commit '04059416c063478b806a64fd33afc42823557b66'	upstream 18.0.6 reworked this path; textual conflict predicted by merge-tree preview	re-fitted	Adopt upstream deferred-note queue/flush, duplicate escalation, and blocker steering during interrupt-immune turns; retain @oh-my-pi/omptype, required OMP-55 category, severity-rank dedupe, delivery-channel routing, and kCursorExecResolved quarantine.	bun test packages/coding-agent/test/advisor/advisor.test.ts + agent-session-*/acp glob — 988 pass, 0 fail (category carried through deferred queue/flush/#deliver)
packages/coding-agent/src/advisor/runtime.ts	packages/coding-agent/src/advisor/runtime.ts	shared	s29ffb58e1b9d,s99322529d30d,sb6b8fb2cf8c4,s8a9fdadf4fae	session candidate: OMP-127; session candidate: OMP-107; session candidate: OMP-47; Add 'session-system/' from commit '04059416c063478b806a64fd33afc42823557b66'	upstream 18.0.6 modified this path; clean textual merge predicted	retained	clean textual merge of upstream and fork edits; fork behavior verified by candidate gates	gates 4 (bun run check:ts) and 7 (bun run test:ts) green on the candidate; see handoff §Gate results
packages/coding-agent/src/extensibility/extensions/loader.ts	packages/coding-agent/src/extensibility/extensions/loader.ts	shared	sd18e7c9de3aa,s417f0f713c87,s3b44d4350014	session candidate: OMP-47; Add 'session-system/' from commit '04059416c063478b806a64fd33afc42823557b66'	upstream 18.0.6 modified this path; clean textual merge predicted	retained	clean textual merge of upstream and fork edits; fork behavior verified by candidate gates	gates 4 (bun run check:ts) and 7 (bun run test:ts) green on the candidate; see handoff §Gate results
packages/coding-agent/src/extensibility/extensions/runner.ts	packages/coding-agent/src/extensibility/extensions/runner.ts	shared	sf08b0ed44d04,s1ce39db0f164,s5afde45faabb,sf2b7e512436a,s5136863e8e0d,s4b3c3dd81b34,sfa61e024a82d,sac156414c765,s53661e8fc06e,s7856fe05ffbd	session candidate: OMP-108; session candidate: OMP-47; feat(coding-agent): cancellable plan_approved extension event (HOME-122); Merge tag 'v17.3.2'; feat(coding-agent): expose taskDepth on ExtensionContext to distinguish main session from subagents (HOME-120); Add 'session-system/' from commit '04059416c063478b806a64fd33afc42823557b66'	upstream 18.0.6 modified this path; clean textual merge predicted	retained	clean textual merge of upstream and fork edits; fork behavior verified by candidate gates	gates 4 (bun run check:ts) and 7 (bun run test:ts) green on the candidate; see handoff §Gate results
packages/coding-agent/src/extensibility/extensions/types.ts	packages/coding-agent/src/extensibility/extensions/types.ts	shared	sbc2e2166bcef,sb0db56f5a51e,s764769e78007,s7c6f2c79d267,s97086b569999,se7766def9dc5,s1e0988835d9f,s0448c408acbb,s0cbcda36b673,sd0ecdb353321,s37916b609772,s4139e8fcd8e0,sae56b737e3ea	session candidate: OMP-108; session candidate: OMP-107; session candidate: OMP-47; feat(coding-agent): inline setStatus placement beside path segment (HOME-130); feat(coding-agent): cancellable plan_approved extension event (HOME-122); Merge tag 'v17.3.2'; feat(coding-agent): expose taskDepth on ExtensionContext to distinguish main session from subagents (HOME-120); Add 'session-system/' from commit '04059416c063478b806a64fd33afc42823557b66'	upstream 18.0.6 modified this path; clean textual merge predicted	retained	clean textual merge of upstream and fork edits; fork behavior verified by candidate gates	gates 4 (bun run check:ts) and 7 (bun run test:ts) green on the candidate; see handoff §Gate results
packages/coding-agent/src/extensibility/plugins/legacy-pi-compat.ts	packages/coding-agent/src/extensibility/plugins/legacy-pi-compat.ts	shared	sffe3ae6c1f59,s60ce7c326385,s06c5e46ed427	session candidate: OMP-89; Add 'session-system/' from commit '04059416c063478b806a64fd33afc42823557b66'	upstream 18.0.6 reworked this path; textual conflict predicted by merge-tree preview	re-fitted	Adopt upstream SQLite parse cache (getLegacyPiExtensionCacheDbPath), cached source analysis, package-import exclusion sentinel/path validation, and export-condition fixes; retain astHasCommonJsModuleScope, omp-legacy-pi-bundled:, Bun createRequire rewriting, compiled self-package roots, and fork compatibility exports.	bun test packages/coding-agent/test/extensibility/legacy-pi-cjs-classification.test.ts — 7 pass incl. new defineProperty-only fixture; detector union (upstream scoped scan + fork astHasCommonJsModuleScope)
packages/coding-agent/src/index.ts	packages/coding-agent/src/index.ts	fork-only	sa6b53a2af1d4,s7e59981b7817	session candidate: OMP-107; session candidate: OMP-69; Add 'session-system/' from commit '04059416c063478b806a64fd33afc42823557b66'	none (fork-only path)	retained	fork-only path; carried through merge unchanged	fork-only sweep: git diff 79b037e420943010e03727d7cdb22f05e64507b7..eb795f45e8 -- packages/coding-agent/src/index.ts is empty (path byte-identical to frozen main)
packages/coding-agent/src/modes/acp/acp-agent.ts	packages/coding-agent/src/modes/acp/acp-agent.ts	shared	s8a59e80f14ec,se5eefcabc65f	session candidate: OMP-47; feat(coding-agent): cancellable plan_approved extension event (HOME-122)	upstream 18.0.6 modified this path; clean textual merge predicted	retained	clean textual merge of upstream and fork edits; fork behavior verified by candidate gates	gates 4 (bun run check:ts) and 7 (bun run test:ts) green on the candidate; see handoff §Gate results
packages/coding-agent/src/modes/components/status-line/component.ts	packages/coding-agent/src/modes/components/status-line/component.ts	shared	s7ce904ff41d1,s6c77f22d5881,s27fd6daca597,saaf7cbe3af4f,sf06654a44f7f,s2caf3c59ec37,sad4de187cbb1	feat(coding-agent): inline setStatus placement beside path segment (HOME-130)	upstream 18.0.6 reworked this path; textual conflict predicted by merge-tree preview	re-fitted	Keep fork StatusLineComponent — never import upstream FooterDataProvider; integrate upstream composer styles, usage-window filtering, compaction boundaries/context line, standalone layouts, autocomplete/speculation indicators, quota/token metrics, and render revisions while preserving inline extension slots, VCS cache, loader lifecycle, context cache, and active-time meter.	bun test status-line-overflow + context-consolidation + guest-idle-reconciler — 41 pass, 0 fail (box-gauge exact-fit off-by-one fixed; no FooterDataProvider import; StatusLineComponent retained)
packages/coding-agent/src/modes/controllers/extension-ui-controller.ts	packages/coding-agent/src/modes/controllers/extension-ui-controller.ts	shared	s8e6dc35535bb,seaf206db9bca,s0bab83f3cbdd,s8e2d90e388f7,s0d35e5d796d9,s79eca500d2bf	session candidate: OMP-47; feat(coding-agent): inline setStatus placement beside path segment (HOME-130)	upstream 18.0.6 modified this path; clean textual merge predicted	retained	clean textual merge of upstream and fork edits; fork behavior verified by candidate gates	gates 4 (bun run check:ts) and 7 (bun run test:ts) green on the candidate; see handoff §Gate results
packages/coding-agent/src/modes/interactive-mode.ts	packages/coding-agent/src/modes/interactive-mode.ts	shared	sf9bb09de6b41	feat(coding-agent): cancellable plan_approved extension event (HOME-122)	upstream 18.0.6 modified this path; clean textual merge predicted	retained	clean textual merge of upstream and fork edits; fork behavior verified by candidate gates	gates 4 (bun run check:ts) and 7 (bun run test:ts) green on the candidate; see handoff §Gate results
packages/coding-agent/src/modes/runtime-init.ts	packages/coding-agent/src/modes/runtime-init.ts	fork-only	s05f22416d996	session candidate: OMP-47	none (fork-only path)	retained	fork-only path; carried through merge unchanged	fork-only sweep: git diff 79b037e420943010e03727d7cdb22f05e64507b7..eb795f45e8 -- packages/coding-agent/src/modes/runtime-init.ts is empty (path byte-identical to frozen main)
packages/coding-agent/src/prompts/advisor/system.md	packages/coding-agent/src/prompts/advisor/system.md	shared	s5dbdc77f4aa0,s8b8d036b4f5c	session candidate: OMP-47; Add 'session-system/' from commit '04059416c063478b806a64fd33afc42823557b66'	upstream 18.0.6 modified this path; clean textual merge predicted	retained	clean textual merge of upstream and fork edits; fork behavior verified by candidate gates	gates 4 (bun run check:ts) and 7 (bun run test:ts) green on the candidate; see handoff §Gate results
packages/coding-agent/src/sdk.ts	packages/coding-agent/src/sdk.ts	shared	s3781f6424021	feat(coding-agent): expose taskDepth on ExtensionContext to distinguish main session from subagents (HOME-120); Add 'session-system/' from commit '04059416c063478b806a64fd33afc42823557b66'	upstream 18.0.6 modified this path; clean textual merge predicted	retained	clean textual merge of upstream and fork edits; fork behavior verified by candidate gates	gates 4 (bun run check:ts) and 7 (bun run test:ts) green on the candidate; see handoff §Gate results
packages/coding-agent/src/session/agent-session.ts	packages/coding-agent/src/session/agent-session.ts	shared	sf3e4b2eba057,s09fc39fd6615,sc18bb0b2b6a6,sf661a65e284f,s005893e7e180,s2e7213263900,s2ceaf26c3bf4,sc4313fadcb6d,s3fed5f1a8bc7,sbbfdee0a568e,s3c360de0a3f6,s2ca73eaeb4c9	session candidate: OMP-107; style(session): fix biome format drift in agent-session.ts (introduced by 43f7536fda); fix(session): restore drained nextTurn batch on post-splice generation bails (OMP-71); session candidate: OMP-69; session candidate: OMP-47; Merge tag 'v17.3.2'; feat(coding-agent): expose taskDepth on ExtensionContext to distinguish main session from subagents (HOME-120); Add 'session-system/' from commit '04059416c063478b806a64fd33afc42823557b66'	upstream 18.0.6 reworked this path; textual conflict predicted by merge-tree preview	re-fitted	Re-fit all upstream session-loop additions — provider response metadata, preferred dialect, capability reset, code/extended-context listeners, checkpoint notice, image entries, and resume command — into fork AgentSession; retain taskDepth, cancellable plan_approved, setSessionName precedence, SQLite multi-credential auth, ToolSession/BUILTIN_TOOLS, Bun runtime, and persistence API. Use LSP references for every moved signature and migrate all callers.	bun test packages/coding-agent/test/agent-session-*.test.ts packages/coding-agent/test/acp-agent.test.ts — 988 pass combined run, 0 fail; taskDepth + restoreDrainedNextTurn retained, upstream prompt-dropped boolean contract adopted
packages/coding-agent/src/session/extension-delivery.ts	packages/coding-agent/src/session/extension-delivery.ts	fork-only	s868e1e810438	session candidate: OMP-107; session candidate: OMP-47	none (fork-only path)	retained	fork-only path; carried through merge unchanged	fork-only sweep: git diff 79b037e420943010e03727d7cdb22f05e64507b7..eb795f45e8 -- packages/coding-agent/src/session/extension-delivery.ts is empty (path byte-identical to frozen main)
packages/coding-agent/src/session/session-advisors.ts	packages/coding-agent/src/session/session-advisors.ts	shared	s7e17c14d2a4b,sc4ec47c2f48c,s1c40c9a0f912,s28907831a2aa,s8ef8275b90d9,s674e11ec8200,s26584a825b26,s65d0dbfc873a,sc045dbebbe28,s2bfbf3b6182d,sd00ab95e59bd,sbecde85afb81,s197a77c114d0,s1170705a996a,scea31122bb54,sfd0326fee3d1	session candidate: OMP-47; Add 'session-system/' from commit '04059416c063478b806a64fd33afc42823557b66'	upstream 18.0.6 reworked this path; textual conflict predicted by merge-tree preview	re-fitted	Integrate upstream Tokenizer/estimateTranscriptTokens, AdvisorLoopGuard, transactional recorder turns, chained retry fallbacks, text-ambiguous overflow handling, compaction method order, terminal-yield advice preservation, subscription detection, and resume-cost barrier; retain fork SessionAdvisorsHost, YieldQueue, SecretObfuscator, channel routing, and auto-resume suppression.	bun test agent-session-advisor-suppression (17 pass) + agent-session-message-pipeline + agent-session-retry-fallback (102 pass) — 0 fail; category routing + Tokenizer maintenance combined
packages/coding-agent/src/task/executor.ts	packages/coding-agent/src/task/executor.ts	shared	s040b2f1f4da6	session candidate: OMP-47	upstream 18.0.6 modified this path; clean textual merge predicted	retained	clean textual merge of upstream and fork edits; fork behavior verified by candidate gates	gates 4 (bun run check:ts) and 7 (bun run test:ts) green on the candidate; see handoff §Gate results
packages/coding-agent/src/utils/git.ts	packages/coding-agent/src/utils/git.ts	shared	s52b86003763c,s93bc57febe92	session candidate: OMP-127	upstream 18.0.6 modified this path; clean textual merge predicted	retained	clean textual merge of upstream and fork edits; fork behavior verified by candidate gates	gates 4 (bun run check:ts) and 7 (bun run test:ts) green on the candidate; see handoff §Gate results
packages/coding-agent/test/acp-agent.test.ts	packages/coding-agent/test/acp-agent.test.ts	shared	sc23e219fbc37,s8b6d405d66d9,s3a874e70a4df	feat(coding-agent): cancellable plan_approved extension event (HOME-122)	upstream 18.0.6 modified this path; clean textual merge predicted	retained	clean textual merge of upstream and fork edits; fork behavior verified by candidate gates	bun test packages/coding-agent/test/acp-agent.test.ts green inside gate 7 (bun run test:ts) on the candidate
packages/coding-agent/test/advisor/advisor.test.ts	packages/coding-agent/test/advisor/advisor.test.ts	shared	sa1021be2c90b,s368cec94060d,s1a9e7fe6fd52,s81e28b0fd8cc,s7d4ac8596264,sa2b4deb68345,sd8de361714c6,s03b25f5474c6,sb7cc702b27e9,s7aab011ae080,sb31d91592fca,s7126880b89e0,s6146c93937b6,s32cf3ef3a175,s028018963b17	session candidate: OMP-47	upstream 18.0.6 reworked this path; textual conflict predicted by merge-tree preview	re-fitted	Keep Bun/omptype fixtures and fork category/quarantine cases; adopt upstream deferred-note flush/dedupe/escalation, blocker-immune-turn routing, Tokenizer-based incoming-message maintenance, and onTurnAbandoned assertions.	bun test packages/coding-agent/test/advisor/advisor.test.ts + agent-session-*/acp glob — 988 pass, 0 fail
packages/coding-agent/test/agent-session-advisor-suppression.test.ts	packages/coding-agent/test/agent-session-advisor-suppression.test.ts	shared	sc91b53ee38fb	session candidate: OMP-127	upstream 18.0.6 modified this path; clean textual merge predicted	retained	clean textual merge of upstream and fork edits; fork behavior verified by candidate gates	bun test packages/coding-agent/test/agent-session-advisor-suppression.test.ts green inside gate 7 (bun run test:ts) on the candidate
packages/coding-agent/test/agent-session-async-delivery.test.ts	packages/coding-agent/test/agent-session-async-delivery.test.ts	shared	sa6b1a212008a	session candidate: OMP-147; session candidate: OMP-107	upstream 18.0.6 modified this path; clean textual merge predicted	retained	clean textual merge of upstream and fork edits; fork behavior verified by candidate gates	bun test packages/coding-agent/test/agent-session-async-delivery.test.ts green inside gate 7 (bun run test:ts) on the candidate
packages/coding-agent/test/agent-session-before-agent-start-attribution.test.ts	packages/coding-agent/test/agent-session-before-agent-start-attribution.test.ts	fork-only	sf87360c775e6	session candidate: OMP-69	none (fork-only path)	retained	fork-only path; carried through merge unchanged	fork-only sweep: git diff 79b037e420943010e03727d7cdb22f05e64507b7..eb795f45e8 -- packages/coding-agent/test/agent-session-before-agent-start-attribution.test.ts is empty (path byte-identical to frozen main)
packages/coding-agent/test/agent-session-plan-mode-convergence.test.ts	packages/coding-agent/test/agent-session-plan-mode-convergence.test.ts	shared	s89ddf149e711	session candidate: OMP-147; session candidate: OMP-127	upstream 18.0.6 modified this path; clean textual merge predicted	retained	clean textual merge of upstream and fork edits; fork behavior verified by candidate gates	bun test packages/coding-agent/test/agent-session-plan-mode-convergence.test.ts green inside gate 7 (bun run test:ts) on the candidate
packages/coding-agent/test/extensibility/legacy-pi-inplace-load.test.ts	packages/coding-agent/test/extensibility/legacy-pi-inplace-load.test.ts	fork-only	scc31d5f99a5d	session candidate: OMP-89	none (fork-only path)	retained	fork-only path; carried through merge unchanged	fork-only sweep: git diff 79b037e420943010e03727d7cdb22f05e64507b7..eb795f45e8 -- packages/coding-agent/test/extensibility/legacy-pi-inplace-load.test.ts is empty (path byte-identical to frozen main)
packages/coding-agent/test/extensions-runner.test.ts	packages/coding-agent/test/extensions-runner.test.ts	shared	s32e9fe00bd18,s0d3f51a5ba07,s461c0e428646	session candidate: OMP-108	upstream 18.0.6 modified this path; clean textual merge predicted	retained	clean textual merge of upstream and fork edits; fork behavior verified by candidate gates	bun test packages/coding-agent/test/extensions-runner.test.ts green inside gate 7 (bun run test:ts) on the candidate
packages/coding-agent/test/git-active-context.test.ts	packages/coding-agent/test/git-active-context.test.ts	fork-only	s4c64fc11e477	session candidate: OMP-127; Add 'session-system/' from commit '04059416c063478b806a64fd33afc42823557b66'	none (fork-only path)	retained	fork-only path; carried through merge unchanged	fork-only sweep: git diff 79b037e420943010e03727d7cdb22f05e64507b7..eb795f45e8 -- packages/coding-agent/test/git-active-context.test.ts is empty (path byte-identical to frozen main)
packages/coding-agent/test/interactive-mode-plan-review.test.ts	packages/coding-agent/test/interactive-mode-plan-review.test.ts	shared	sa8c8de226e9d,sbe52174581dd	feat(coding-agent): cancellable plan_approved extension event (HOME-122)	upstream 18.0.6 modified this path; clean textual merge predicted	retained	clean textual merge of upstream and fork edits; fork behavior verified by candidate gates	bun test packages/coding-agent/test/interactive-mode-plan-review.test.ts green inside gate 7 (bun run test:ts) on the candidate
packages/coding-agent/test/marketplace/project-scope.test.ts	packages/coding-agent/test/marketplace/project-scope.test.ts	fork-only	sd4dec30915be	session candidate: OMP-127; Add 'session-system/' from commit '04059416c063478b806a64fd33afc42823557b66'	none (fork-only path)	retained	fork-only path; carried through merge unchanged	fork-only sweep: git diff 79b037e420943010e03727d7cdb22f05e64507b7..eb795f45e8 -- packages/coding-agent/test/marketplace/project-scope.test.ts is empty (path byte-identical to frozen main)
packages/coding-agent/test/modes/warp-events.test.ts	packages/coding-agent/test/modes/warp-events.test.ts	fork-only	s1dc92cb9ade1	session candidate: OMP-108; Add 'session-system/' from commit '04059416c063478b806a64fd33afc42823557b66'	none (fork-only path)	retained	fork-only path; carried through merge unchanged	fork-only sweep: git diff 79b037e420943010e03727d7cdb22f05e64507b7..eb795f45e8 -- packages/coding-agent/test/modes/warp-events.test.ts is empty (path byte-identical to frozen main)
packages/coding-agent/test/rpc-client.restart.test.ts	packages/coding-agent/test/rpc-client.restart.test.ts	shared	s61475e197501,s0d63695496e9,sab1e4d324b80,s9fcfeec9e4c6	session candidate: OMP-127	upstream 18.0.6 modified this path; clean textual merge predicted	retained	clean textual merge of upstream and fork edits; fork behavior verified by candidate gates	bun test packages/coding-agent/test/rpc-client.restart.test.ts green inside gate 7 (bun run test:ts) on the candidate
packages/coding-agent/test/rpc-stdin-lock.test.ts	packages/coding-agent/test/rpc-stdin-lock.test.ts	fork-only	s87222be32f32	session candidate: OMP-127	none (fork-only path)	retained	fork-only path; carried through merge unchanged	fork-only sweep: git diff 79b037e420943010e03727d7cdb22f05e64507b7..eb795f45e8 -- packages/coding-agent/test/rpc-stdin-lock.test.ts is empty (path byte-identical to frozen main)
packages/coding-agent/test/rpc.test.ts	packages/coding-agent/test/rpc.test.ts	fork-only	s82c8223b401b	session candidate: OMP-127	none (fork-only path)	retained	fork-only path; carried through merge unchanged	fork-only sweep: git diff 79b037e420943010e03727d7cdb22f05e64507b7..eb795f45e8 -- packages/coding-agent/test/rpc.test.ts is empty (path byte-identical to frozen main)
packages/coding-agent/test/sdk-mcp-instructions.test.ts	packages/coding-agent/test/sdk-mcp-instructions.test.ts	fork-only	s297310debc51,sb0064149dcb6	session candidate: OMP-147	none (fork-only path)	retained	fork-only path; carried through merge unchanged	fork-only sweep: git diff 79b037e420943010e03727d7cdb22f05e64507b7..eb795f45e8 -- packages/coding-agent/test/sdk-mcp-instructions.test.ts is empty (path byte-identical to frozen main)
packages/coding-agent/test/status-line-overflow.test.ts	packages/coding-agent/test/status-line-overflow.test.ts	shared	sa3ce8ec7934f	feat(coding-agent): inline setStatus placement beside path segment (HOME-130); Add 'session-system/' from commit '04059416c063478b806a64fd33afc42823557b66'	upstream 18.0.6 modified this path; clean textual merge predicted	retained	clean textual merge of upstream and fork edits; fork behavior verified by candidate gates	bun test packages/coding-agent/test/status-line-overflow.test.ts green inside gate 7 (bun run test:ts) on the candidate
packages/coding-agent/test/system-prompt-dedup.test.ts	packages/coding-agent/test/system-prompt-dedup.test.ts	shared	sac35e6ffb383,s9e5ab8f24d59	test: reconcile context-overflow, kitty DA1, and system-prompt-dedup tests after v17.3.2 merge; Add 'session-system/' from commit '04059416c063478b806a64fd33afc42823557b66'	upstream 18.0.6 modified this path; clean textual merge predicted	retained	clean textual merge of upstream and fork edits; fork behavior verified by candidate gates	bun test packages/coding-agent/test/system-prompt-dedup.test.ts green inside gate 7 (bun run test:ts) on the candidate
packages/coding-agent/test/tools/lsp-regressions.test.ts	packages/coding-agent/test/tools/lsp-regressions.test.ts	shared	s2c2f4a4f5fa0,sc3eecf6a36f0	session candidate: OMP-127	upstream 18.0.6 modified this path; clean textual merge predicted	retained	clean textual merge of upstream and fork edits; fork behavior verified by candidate gates	bun test packages/coding-agent/test/tools/lsp-regressions.test.ts green inside gate 7 (bun run test:ts) on the candidate
packages/coding-agent/test/utils/changelog.test.ts	packages/coding-agent/test/utils/changelog.test.ts	fork-only	s318f09df50f9	session candidate: OMP-127; Add 'session-system/' from commit '04059416c063478b806a64fd33afc42823557b66'	none (fork-only path)	retained	fork-only path; carried through merge unchanged	fork-only sweep: git diff 79b037e420943010e03727d7cdb22f05e64507b7..eb795f45e8 -- packages/coding-agent/test/utils/changelog.test.ts is empty (path byte-identical to frozen main)
packages/tui/test/kitty-keyboard-da1-ordering.test.ts	packages/tui/test/kitty-keyboard-da1-ordering.test.ts	fork-only	s1f7aacf90e21,s139e7d99a4c5	test: reconcile context-overflow, kitty DA1, and system-prompt-dedup tests after v17.3.2 merge; Add 'session-system/' from commit '04059416c063478b806a64fd33afc42823557b66'	none (fork-only path)	retained	fork-only path; carried through merge unchanged	fork-only sweep: git diff 79b037e420943010e03727d7cdb22f05e64507b7..eb795f45e8 -- packages/tui/test/kitty-keyboard-da1-ordering.test.ts is empty (path byte-identical to frozen main)
packages/work-client/package.json	packages/work-client/package.json	fork-only	s0637fa859e68	feat(work-ledger): PostgreSQL Work Ledger with Linear export and import (HOME-143, HOME-144, HOME-145, HOME-146)	none (fork-only path)	retained	fork-only path; carried through merge unchanged	fork-only sweep: git diff 79b037e420943010e03727d7cdb22f05e64507b7..eb795f45e8 -- packages/work-client/package.json is empty (path byte-identical to frozen main)
packages/work-client/src/contract.ts	packages/work-client/src/contract.ts	fork-only	s4b8530984a56	session candidate: OMP-147	none (fork-only path)	retained	fork-only path; carried through merge unchanged	fork-only sweep: git diff 79b037e420943010e03727d7cdb22f05e64507b7..eb795f45e8 -- packages/work-client/src/contract.ts is empty (path byte-identical to frozen main)
packages/work-client/src/index.ts	packages/work-client/src/index.ts	fork-only	sc4f4fec9372c	session candidate: OMP-154; session candidate: OMP-147; session candidate: OMP-140; fix(workflow): adopt post-freeze OMP-106 drift + overlap-refusal tests (OMP-116, OMP-118); session candidate: OMP-106; session candidate: OMP-89; session candidate: OMP-65; session candidate: OMP-47; feat(work-client): bounded activity read (OMP-25); feat(work-ledger): cutover authority, OAuth exporter credential, atomic activation (HOME-148); feat(work-ledger): interactive OMP workflow on WorkService (HOME-146, HOME-147); feat(work-ledger): PostgreSQL Work Ledger with Linear export and import (HOME-143, HOME-144, HOME-145, HOME-146)	none (fork-only path)	retained	fork-only path; carried through merge unchanged	fork-only sweep: git diff 79b037e420943010e03727d7cdb22f05e64507b7..eb795f45e8 -- packages/work-client/src/index.ts is empty (path byte-identical to frozen main)
packages/work-client/test/client.test.ts	packages/work-client/test/client.test.ts	fork-only	s2343db6f372c	session candidate: OMP-154; session candidate: OMP-147; test(work-client): cover default activity request (OMP-33); feat(work-client): bounded activity read (OMP-25); feat(work-ledger): interactive OMP workflow on WorkService (HOME-146, HOME-147); feat(work-ledger): PostgreSQL Work Ledger with Linear export and import (HOME-143, HOME-144, HOME-145, HOME-146)	none (fork-only path)	retained	fork-only path; carried through merge unchanged	fork-only sweep: git diff 79b037e420943010e03727d7cdb22f05e64507b7..eb795f45e8 -- packages/work-client/test/client.test.ts is empty (path byte-identical to frozen main)
packages/work-client/tsconfig.json	packages/work-client/tsconfig.json	fork-only	sfb71e4bf9ee8	feat(work-ledger): interactive OMP workflow on WorkService (HOME-146, HOME-147); feat(work-ledger): PostgreSQL Work Ledger with Linear export and import (HOME-143, HOME-144, HOME-145, HOME-146)	none (fork-only path)	retained	fork-only path; carried through merge unchanged	fork-only sweep: git diff 79b037e420943010e03727d7cdb22f05e64507b7..eb795f45e8 -- packages/work-client/tsconfig.json is empty (path byte-identical to frozen main)
python/omp-work/.coverage	python/omp-work/.coverage	fork-only	s44984e93ae1f	feat(work-ledger): PostgreSQL Work Ledger with Linear export and import (HOME-143, HOME-144, HOME-145, HOME-146)	none (fork-only path)	retained	fork-only path; carried through merge unchanged	fork-only sweep: git diff 79b037e420943010e03727d7cdb22f05e64507b7..eb795f45e8 -- python/omp-work/.coverage is empty (path byte-identical to frozen main)
python/omp-work/CHANGELOG.md	python/omp-work/CHANGELOG.md	fork-only	sce33eb56f37b	session candidate: OMP-108; session candidate: OMP-25; fix(work-ledger): finalize cutover remediation; feat(work-ledger): implement controlled Linear cutover (HOME-148); feat(work-ledger): interactive OMP workflow on WorkService (HOME-146, HOME-147); feat(work-ledger): PostgreSQL Work Ledger with Linear export and import (HOME-143, HOME-144, HOME-145, HOME-146)	none (fork-only path)	retained	fork-only path; carried through merge unchanged	fork-only sweep: git diff 79b037e420943010e03727d7cdb22f05e64507b7..eb795f45e8 -- python/omp-work/CHANGELOG.md is empty (path byte-identical to frozen main)
python/omp-work/README.md	python/omp-work/README.md	fork-only	s0fe203253163	session candidate: OMP-108; feat(work-ledger): PostgreSQL Work Ledger with Linear export and import (HOME-143, HOME-144, HOME-145, HOME-146)	none (fork-only path)	retained	fork-only path; carried through merge unchanged	fork-only sweep: git diff 79b037e420943010e03727d7cdb22f05e64507b7..eb795f45e8 -- python/omp-work/README.md is empty (path byte-identical to frozen main)
python/omp-work/pyproject.toml	python/omp-work/pyproject.toml	fork-only	s1cca73f446b7	feat(work-ledger): PostgreSQL Work Ledger with Linear export and import (HOME-143, HOME-144, HOME-145, HOME-146)	none (fork-only path)	retained	fork-only path; carried through merge unchanged	fork-only sweep: git diff 79b037e420943010e03727d7cdb22f05e64507b7..eb795f45e8 -- python/omp-work/pyproject.toml is empty (path byte-identical to frozen main)
python/omp-work/src/omp_work.egg-info/PKG-INFO	python/omp-work/src/omp_work.egg-info/PKG-INFO	fork-only	s94657264a7a3	feat(work-ledger): PostgreSQL Work Ledger with Linear export and import (HOME-143, HOME-144, HOME-145, HOME-146)	none (fork-only path)	retained	fork-only path; carried through merge unchanged	fork-only sweep: git diff 79b037e420943010e03727d7cdb22f05e64507b7..eb795f45e8 -- python/omp-work/src/omp_work.egg-info/PKG-INFO is empty (path byte-identical to frozen main)
python/omp-work/src/omp_work.egg-info/SOURCES.txt	python/omp-work/src/omp_work.egg-info/SOURCES.txt	fork-only	sa07f0911583b	feat(work-ledger): PostgreSQL Work Ledger with Linear export and import (HOME-143, HOME-144, HOME-145, HOME-146)	none (fork-only path)	retained	fork-only path; carried through merge unchanged	fork-only sweep: git diff 79b037e420943010e03727d7cdb22f05e64507b7..eb795f45e8 -- python/omp-work/src/omp_work.egg-info/SOURCES.txt is empty (path byte-identical to frozen main)
python/omp-work/src/omp_work.egg-info/dependency_links.txt	python/omp-work/src/omp_work.egg-info/dependency_links.txt	fork-only	sf30ed6384319	feat(work-ledger): PostgreSQL Work Ledger with Linear export and import (HOME-143, HOME-144, HOME-145, HOME-146)	none (fork-only path)	retained	fork-only path; carried through merge unchanged	fork-only sweep: git diff 79b037e420943010e03727d7cdb22f05e64507b7..eb795f45e8 -- python/omp-work/src/omp_work.egg-info/dependency_links.txt is empty (path byte-identical to frozen main)
python/omp-work/src/omp_work.egg-info/entry_points.txt	python/omp-work/src/omp_work.egg-info/entry_points.txt	fork-only	s3c1bcbb7c9da	feat(work-ledger): PostgreSQL Work Ledger with Linear export and import (HOME-143, HOME-144, HOME-145, HOME-146)	none (fork-only path)	retained	fork-only path; carried through merge unchanged	fork-only sweep: git diff 79b037e420943010e03727d7cdb22f05e64507b7..eb795f45e8 -- python/omp-work/src/omp_work.egg-info/entry_points.txt is empty (path byte-identical to frozen main)
python/omp-work/src/omp_work.egg-info/requires.txt	python/omp-work/src/omp_work.egg-info/requires.txt	fork-only	s8d2514f0e901	feat(work-ledger): PostgreSQL Work Ledger with Linear export and import (HOME-143, HOME-144, HOME-145, HOME-146)	none (fork-only path)	retained	fork-only path; carried through merge unchanged	fork-only sweep: git diff 79b037e420943010e03727d7cdb22f05e64507b7..eb795f45e8 -- python/omp-work/src/omp_work.egg-info/requires.txt is empty (path byte-identical to frozen main)
python/omp-work/src/omp_work.egg-info/top_level.txt	python/omp-work/src/omp_work.egg-info/top_level.txt	fork-only	s2c882c6b5845	feat(work-ledger): PostgreSQL Work Ledger with Linear export and import (HOME-143, HOME-144, HOME-145, HOME-146)	none (fork-only path)	retained	fork-only path; carried through merge unchanged	fork-only sweep: git diff 79b037e420943010e03727d7cdb22f05e64507b7..eb795f45e8 -- python/omp-work/src/omp_work.egg-info/top_level.txt is empty (path byte-identical to frozen main)
python/omp-work/src/omp_work/__init__.py	python/omp-work/src/omp_work/__init__.py	fork-only	s2fd0ea53c5ec	session candidate: OMP-147; session candidate: OMP-140; session candidate: OMP-65; session candidate: OMP-47; feat(work-ledger): implement controlled Linear cutover (HOME-148); feat(work-ledger): cutover authority, OAuth exporter credential, atomic activation (HOME-148); feat(work-ledger): interactive OMP workflow on WorkService (HOME-146, HOME-147); feat(work-ledger): PostgreSQL Work Ledger with Linear export and import (HOME-143, HOME-144, HOME-145, HOME-146)	none (fork-only path)	retained	fork-only path; carried through merge unchanged	fork-only sweep: git diff 79b037e420943010e03727d7cdb22f05e64507b7..eb795f45e8 -- python/omp-work/src/omp_work/__init__.py is empty (path byte-identical to frozen main)
python/omp-work/src/omp_work/__main__.py	python/omp-work/src/omp_work/__main__.py	fork-only	se75308e6d991	session candidate: OMP-108; session candidate: HOME-149; feat(work-ledger): PostgreSQL Work Ledger with Linear export and import (HOME-143, HOME-144, HOME-145, HOME-146)	none (fork-only path)	retained	fork-only path; carried through merge unchanged	fork-only sweep: git diff 79b037e420943010e03727d7cdb22f05e64507b7..eb795f45e8 -- python/omp-work/src/omp_work/__main__.py is empty (path byte-identical to frozen main)
python/omp-work/src/omp_work/contracts/v1/api-schema.json	python/omp-work/src/omp_work/contracts/v1/api-schema.json	fork-only	s8eb7dd547d5b	session candidate: OMP-147; session candidate: OMP-140; session candidate: OMP-106; session candidate: OMP-89; session candidate: OMP-65; session candidate: OMP-47; feat(work-ledger): implement controlled Linear cutover (HOME-148); feat(work-ledger): cutover authority, OAuth exporter credential, atomic activation (HOME-148); feat(work-ledger): interactive OMP workflow on WorkService (HOME-146, HOME-147); feat(work-ledger): PostgreSQL Work Ledger with Linear export and import (HOME-143, HOME-144, HOME-145, HOME-146)	none (fork-only path)	retained	fork-only path; carried through merge unchanged	fork-only sweep: git diff 79b037e420943010e03727d7cdb22f05e64507b7..eb795f45e8 -- python/omp-work/src/omp_work/contracts/v1/api-schema.json is empty (path byte-identical to frozen main)
python/omp-work/src/omp_work/contracts/v1/approval.json	python/omp-work/src/omp_work/contracts/v1/approval.json	fork-only	s5384bfb87978	session candidate: OMP-147; session candidate: OMP-140; session candidate: OMP-108; chore(contract): owner approval of v1 digest d0c1e332 (OMP-106); revert(contract): remove unauthorized OMP-106 approval attestation (OMP-118 finding 1); session candidate: OMP-106; chore(contract): record owner approval of v1 digest 2a25de0c (OMP-99); session candidate: OMP-89; session candidate: OMP-67; session candidate: OMP-65; session candidate: OMP-47; feat(work-ledger): implement controlled Linear cutover (HOME-148); feat(work-ledger): cutover authority, OAuth exporter credential, atomic activation (HOME-148); feat(work-ledger): interactive OMP workflow on WorkService (HOME-146, HOME-147); feat(work-ledger): PostgreSQL Work Ledger with Linear export and import (HOME-143, HOME-144, HOME-145, HOME-146)	none (fork-only path)	retained	fork-only path; carried through merge unchanged	fork-only sweep: git diff 79b037e420943010e03727d7cdb22f05e64507b7..eb795f45e8 -- python/omp-work/src/omp_work/contracts/v1/approval.json is empty (path byte-identical to frozen main)
python/omp-work/src/omp_work/contracts/v1/candidate-hash.json	python/omp-work/src/omp_work/contracts/v1/candidate-hash.json	fork-only	sdbcb1b26d300	feat(work-ledger): interactive OMP workflow on WorkService (HOME-146, HOME-147)	none (fork-only path)	retained	fork-only path; carried through merge unchanged	fork-only sweep: git diff 79b037e420943010e03727d7cdb22f05e64507b7..eb795f45e8 -- python/omp-work/src/omp_work/contracts/v1/candidate-hash.json is empty (path byte-identical to frozen main)
python/omp-work/src/omp_work/contracts/v1/contract.json	python/omp-work/src/omp_work/contracts/v1/contract.json	fork-only	s77b1f00dba2c	session candidate: OMP-147; session candidate: OMP-140; session candidate: OMP-65; session candidate: OMP-47; feat(work-ledger): implement controlled Linear cutover (HOME-148); feat(work-ledger): cutover authority, OAuth exporter credential, atomic activation (HOME-148); feat(work-ledger): interactive OMP workflow on WorkService (HOME-146, HOME-147); feat(work-ledger): PostgreSQL Work Ledger with Linear export and import (HOME-143, HOME-144, HOME-145, HOME-146)	none (fork-only path)	retained	fork-only path; carried through merge unchanged	fork-only sweep: git diff 79b037e420943010e03727d7cdb22f05e64507b7..eb795f45e8 -- python/omp-work/src/omp_work/contracts/v1/contract.json is empty (path byte-identical to frozen main)
python/omp-work/src/omp_work/contracts/v1/decisions/0001-domain-source-and-security.md	python/omp-work/src/omp_work/contracts/v1/decisions/0001-domain-source-and-security.md	fork-only	s9374b2875bd6	feat(work-ledger): PostgreSQL Work Ledger with Linear export and import (HOME-143, HOME-144, HOME-145, HOME-146)	none (fork-only path)	retained	fork-only path; carried through merge unchanged	fork-only sweep: git diff 79b037e420943010e03727d7cdb22f05e64507b7..eb795f45e8 -- python/omp-work/src/omp_work/contracts/v1/decisions/0001-domain-source-and-security.md is empty (path byte-identical to frozen main)
python/omp-work/src/omp_work/contracts/v1/decisions/0002-evidence-completion-and-recovery.md	python/omp-work/src/omp_work/contracts/v1/decisions/0002-evidence-completion-and-recovery.md	fork-only	s9858164c36e7	session candidate: OMP-99; feat(work-ledger): PostgreSQL Work Ledger with Linear export and import (HOME-143, HOME-144, HOME-145, HOME-146)	none (fork-only path)	retained	fork-only path; carried through merge unchanged	fork-only sweep: git diff 79b037e420943010e03727d7cdb22f05e64507b7..eb795f45e8 -- python/omp-work/src/omp_work/contracts/v1/decisions/0002-evidence-completion-and-recovery.md is empty (path byte-identical to frozen main)
python/omp-work/src/omp_work/contracts/v1/decisions/0003-one-ledger-cutover.md	python/omp-work/src/omp_work/contracts/v1/decisions/0003-one-ledger-cutover.md	fork-only	sa86d5df5fecc	feat(work-ledger): PostgreSQL Work Ledger with Linear export and import (HOME-143, HOME-144, HOME-145, HOME-146)	none (fork-only path)	retained	fork-only path; carried through merge unchanged	fork-only sweep: git diff 79b037e420943010e03727d7cdb22f05e64507b7..eb795f45e8 -- python/omp-work/src/omp_work/contracts/v1/decisions/0003-one-ledger-cutover.md is empty (path byte-identical to frozen main)
python/omp-work/src/omp_work/contracts/v1/decisions/0004-home-147-pre-cutover-amendment.md	python/omp-work/src/omp_work/contracts/v1/decisions/0004-home-147-pre-cutover-amendment.md	fork-only	s5d219295b62b	session candidate: OMP-108; session candidate: OMP-99; feat(work-ledger): interactive OMP workflow on WorkService (HOME-146, HOME-147)	none (fork-only path)	retained	fork-only path; carried through merge unchanged	fork-only sweep: git diff 79b037e420943010e03727d7cdb22f05e64507b7..eb795f45e8 -- python/omp-work/src/omp_work/contracts/v1/decisions/0004-home-147-pre-cutover-amendment.md is empty (path byte-identical to frozen main)
python/omp-work/src/omp_work/contracts/v1/decisions/0005-close-attempt-authority.md	python/omp-work/src/omp_work/contracts/v1/decisions/0005-close-attempt-authority.md	fork-only	sa3d7b0578c73	session candidate: OMP-140; session candidate: OMP-108; session candidate: OMP-67; session candidate: OMP-65; session candidate: OMP-47	none (fork-only path)	retained	fork-only path; carried through merge unchanged	fork-only sweep: git diff 79b037e420943010e03727d7cdb22f05e64507b7..eb795f45e8 -- python/omp-work/src/omp_work/contracts/v1/decisions/0005-close-attempt-authority.md is empty (path byte-identical to frozen main)
python/omp-work/src/omp_work/contracts/v1/decisions/0006-batch-completion-rider-authority.md	python/omp-work/src/omp_work/contracts/v1/decisions/0006-batch-completion-rider-authority.md	fork-only	sd512d13593e3	session candidate: OMP-89	none (fork-only path)	retained	fork-only path; carried through merge unchanged	fork-only sweep: git diff 79b037e420943010e03727d7cdb22f05e64507b7..eb795f45e8 -- python/omp-work/src/omp_work/contracts/v1/decisions/0006-batch-completion-rider-authority.md is empty (path byte-identical to frozen main)
python/omp-work/src/omp_work/contracts/v1/decisions/0007-omp-147-bookends-closure.md	python/omp-work/src/omp_work/contracts/v1/decisions/0007-omp-147-bookends-closure.md	fork-only	s64217ff54727	session candidate: OMP-147	none (fork-only path)	retained	fork-only path; carried through merge unchanged	fork-only sweep: git diff 79b037e420943010e03727d7cdb22f05e64507b7..eb795f45e8 -- python/omp-work/src/omp_work/contracts/v1/decisions/0007-omp-147-bookends-closure.md is empty (path byte-identical to frozen main)
python/omp-work/src/omp_work/contracts/v1/examples.json	python/omp-work/src/omp_work/contracts/v1/examples.json	fork-only	s9621e1333a4d	session candidate: OMP-47; feat(work-ledger): PostgreSQL Work Ledger with Linear export and import (HOME-143, HOME-144, HOME-145, HOME-146)	none (fork-only path)	retained	fork-only path; carried through merge unchanged	fork-only sweep: git diff 79b037e420943010e03727d7cdb22f05e64507b7..eb795f45e8 -- python/omp-work/src/omp_work/contracts/v1/examples.json is empty (path byte-identical to frozen main)
python/omp-work/src/omp_work/contracts/v1/manifest.json	python/omp-work/src/omp_work/contracts/v1/manifest.json	fork-only	s42e5d6d72116	session candidate: OMP-147; session candidate: OMP-89; session candidate: OMP-47; feat(work-ledger): interactive OMP workflow on WorkService (HOME-146, HOME-147); feat(work-ledger): PostgreSQL Work Ledger with Linear export and import (HOME-143, HOME-144, HOME-145, HOME-146)	none (fork-only path)	retained	fork-only path; carried through merge unchanged	fork-only sweep: git diff 79b037e420943010e03727d7cdb22f05e64507b7..eb795f45e8 -- python/omp-work/src/omp_work/contracts/v1/manifest.json is empty (path byte-identical to frozen main)
python/omp-work/src/omp_work/contracts/v1/schema.json	python/omp-work/src/omp_work/contracts/v1/schema.json	fork-only	s6574547e0f4e	session candidate: OMP-147; session candidate: OMP-140; session candidate: OMP-108; session candidate: OMP-106; session candidate: OMP-99; session candidate: OMP-89; session candidate: OMP-67; session candidate: OMP-65; session candidate: OMP-47; feat(work-ledger): implement controlled Linear cutover (HOME-148); feat(work-ledger): cutover authority, OAuth exporter credential, atomic activation (HOME-148); feat(work-ledger): interactive OMP workflow on WorkService (HOME-146, HOME-147); feat(work-ledger): PostgreSQL Work Ledger with Linear export and import (HOME-143, HOME-144, HOME-145, HOME-146)	none (fork-only path)	retained	fork-only path; carried through merge unchanged	fork-only sweep: git diff 79b037e420943010e03727d7cdb22f05e64507b7..eb795f45e8 -- python/omp-work/src/omp_work/contracts/v1/schema.json is empty (path byte-identical to frozen main)
python/omp-work/src/omp_work/integration/__init__.py	python/omp-work/src/omp_work/integration/__init__.py	fork-only	sa5f9b5641ecb	session candidate: HOME-149; feat(work-ledger): PostgreSQL Work Ledger with Linear export and import (HOME-143, HOME-144, HOME-145, HOME-146)	none (fork-only path)	retained	fork-only path; carried through merge unchanged	fork-only sweep: git diff 79b037e420943010e03727d7cdb22f05e64507b7..eb795f45e8 -- python/omp-work/src/omp_work/integration/__init__.py is empty (path byte-identical to frozen main)
python/omp-work/src/omp_work/integration/importer.py	python/omp-work/src/omp_work/integration/importer.py	fork-only	s4380cb89618f	session candidate: HOME-149; feat(work-ledger): PostgreSQL Work Ledger with Linear export and import (HOME-143, HOME-144, HOME-145, HOME-146)	none (fork-only path)	retained	fork-only path; carried through merge unchanged	fork-only sweep: git diff 79b037e420943010e03727d7cdb22f05e64507b7..eb795f45e8 -- python/omp-work/src/omp_work/integration/importer.py is empty (path byte-identical to frozen main)
python/omp-work/src/omp_work/integration/legacy_artifacts.py	python/omp-work/src/omp_work/integration/legacy_artifacts.py	fork-only	s1ef2d4aebe9b	session candidate: HOME-149	none (fork-only path)	retained	fork-only path; carried through merge unchanged	fork-only sweep: git diff 79b037e420943010e03727d7cdb22f05e64507b7..eb795f45e8 -- python/omp-work/src/omp_work/integration/legacy_artifacts.py is empty (path byte-identical to frozen main)
python/omp-work/src/omp_work/operations/__init__.py	python/omp-work/src/omp_work/operations/__init__.py	fork-only	sda8b5c7ff9cf	feat(work-ledger): PostgreSQL Work Ledger with Linear export and import (HOME-143, HOME-144, HOME-145, HOME-146)	none (fork-only path)	retained	fork-only path; carried through merge unchanged	fork-only sweep: git diff 79b037e420943010e03727d7cdb22f05e64507b7..eb795f45e8 -- python/omp-work/src/omp_work/operations/__init__.py is empty (path byte-identical to frozen main)
python/omp-work/src/omp_work/operations/artifacts.py	python/omp-work/src/omp_work/operations/artifacts.py	fork-only	s0752ef76797c	feat(work-ledger): PostgreSQL Work Ledger with Linear export and import (HOME-143, HOME-144, HOME-145, HOME-146)	none (fork-only path)	retained	fork-only path; carried through merge unchanged	fork-only sweep: git diff 79b037e420943010e03727d7cdb22f05e64507b7..eb795f45e8 -- python/omp-work/src/omp_work/operations/artifacts.py is empty (path byte-identical to frozen main)
python/omp-work/src/omp_work/operations/backup.py	python/omp-work/src/omp_work/operations/backup.py	fork-only	s5ca2897ee862	feat(work-ledger): implement controlled Linear cutover (HOME-148); fix(work-ledger): probe backup target with a real empty file; document cutover recovery (HOME-148); feat(work-ledger): cutover authority, OAuth exporter credential, atomic activation (HOME-148); feat(work-ledger): PostgreSQL Work Ledger with Linear export and import (HOME-143, HOME-144, HOME-145, HOME-146)	none (fork-only path)	retained	fork-only path; carried through merge unchanged	fork-only sweep: git diff 79b037e420943010e03727d7cdb22f05e64507b7..eb795f45e8 -- python/omp-work/src/omp_work/operations/backup.py is empty (path byte-identical to frozen main)
python/omp-work/src/omp_work/operations/capabilities.py	python/omp-work/src/omp_work/operations/capabilities.py	fork-only	sdb98ac04e358	session candidate: HOME-149; feat(work-ledger): cutover authority, OAuth exporter credential, atomic activation (HOME-148); feat(work-ledger): interactive OMP workflow on WorkService (HOME-146, HOME-147)	none (fork-only path)	retained	fork-only path; carried through merge unchanged	fork-only sweep: git diff 79b037e420943010e03727d7cdb22f05e64507b7..eb795f45e8 -- python/omp-work/src/omp_work/operations/capabilities.py is empty (path byte-identical to frozen main)
python/omp-work/src/omp_work/operations/cli.py	python/omp-work/src/omp_work/operations/cli.py	fork-only	se693fdf5fd9d	session candidate: HOME-149; feat(work-ledger): implement controlled Linear cutover (HOME-148); feat(work-ledger): add cutover status operator view (HOME-148); feat(work-ledger): cutover coordinator, freeze fence, rehearsal smoke reuse (HOME-148); feat(work-ledger): cutover authority, OAuth exporter credential, atomic activation (HOME-148); feat(work-ledger): interactive OMP workflow on WorkService (HOME-146, HOME-147); feat(work-ledger): PostgreSQL Work Ledger with Linear export and import (HOME-143, HOME-144, HOME-145, HOME-146)	none (fork-only path)	retained	fork-only path; carried through merge unchanged	fork-only sweep: git diff 79b037e420943010e03727d7cdb22f05e64507b7..eb795f45e8 -- python/omp-work/src/omp_work/operations/cli.py is empty (path byte-identical to frozen main)
python/omp-work/src/omp_work/operations/config.py	python/omp-work/src/omp_work/operations/config.py	fork-only	s61b08a458e4f	feat(work-ledger): implement controlled Linear cutover (HOME-148); feat(work-ledger): cutover authority, OAuth exporter credential, atomic activation (HOME-148); feat(work-ledger): PostgreSQL Work Ledger with Linear export and import (HOME-143, HOME-144, HOME-145, HOME-146)	none (fork-only path)	retained	fork-only path; carried through merge unchanged	fork-only sweep: git diff 79b037e420943010e03727d7cdb22f05e64507b7..eb795f45e8 -- python/omp-work/src/omp_work/operations/config.py is empty (path byte-identical to frozen main)
python/omp-work/src/omp_work/operations/database.py	python/omp-work/src/omp_work/operations/database.py	fork-only	scc94b9ae08b8	feat(work-ledger): PostgreSQL Work Ledger with Linear export and import (HOME-143, HOME-144, HOME-145, HOME-146)	none (fork-only path)	retained	fork-only path; carried through merge unchanged	fork-only sweep: git diff 79b037e420943010e03727d7cdb22f05e64507b7..eb795f45e8 -- python/omp-work/src/omp_work/operations/database.py is empty (path byte-identical to frozen main)
python/omp-work/src/omp_work/operations/fingerprints.py	python/omp-work/src/omp_work/operations/fingerprints.py	fork-only	sb8552c96500e	session candidate: HOME-149; feat(work-ledger): cutover authority, OAuth exporter credential, atomic activation (HOME-148)	none (fork-only path)	retained	fork-only path; carried through merge unchanged	fork-only sweep: git diff 79b037e420943010e03727d7cdb22f05e64507b7..eb795f45e8 -- python/omp-work/src/omp_work/operations/fingerprints.py is empty (path byte-identical to frozen main)
python/omp-work/src/omp_work/operations/migrations/0001_schema_and_security.sql	python/omp-work/src/omp_work/operations/migrations/0001_schema_and_security.sql	fork-only	s0a86edded858	feat(work-ledger): PostgreSQL Work Ledger with Linear export and import (HOME-143, HOME-144, HOME-145, HOME-146)	none (fork-only path)	retained	fork-only path; carried through merge unchanged	fork-only sweep: git diff 79b037e420943010e03727d7cdb22f05e64507b7..eb795f45e8 -- python/omp-work/src/omp_work/operations/migrations/0001_schema_and_security.sql is empty (path byte-identical to frozen main)
python/omp-work/src/omp_work/operations/migrations/0002_operations_health.sql	python/omp-work/src/omp_work/operations/migrations/0002_operations_health.sql	fork-only	s99928495c0b4	feat(work-ledger): PostgreSQL Work Ledger with Linear export and import (HOME-143, HOME-144, HOME-145, HOME-146)	none (fork-only path)	retained	fork-only path; carried through merge unchanged	fork-only sweep: git diff 79b037e420943010e03727d7cdb22f05e64507b7..eb795f45e8 -- python/omp-work/src/omp_work/operations/migrations/0002_operations_health.sql is empty (path byte-identical to frozen main)
python/omp-work/src/omp_work/operations/migrations/0003_work_service_domain.sql	python/omp-work/src/omp_work/operations/migrations/0003_work_service_domain.sql	fork-only	s51a313143ac2	feat(work-ledger): PostgreSQL Work Ledger with Linear export and import (HOME-143, HOME-144, HOME-145, HOME-146)	none (fork-only path)	retained	fork-only path; carried through merge unchanged	fork-only sweep: git diff 79b037e420943010e03727d7cdb22f05e64507b7..eb795f45e8 -- python/omp-work/src/omp_work/operations/migrations/0003_work_service_domain.sql is empty (path byte-identical to frozen main)
python/omp-work/src/omp_work/operations/migrations/0004_backup_reader_privileges.sql	python/omp-work/src/omp_work/operations/migrations/0004_backup_reader_privileges.sql	fork-only	s76a486b970c3	feat(work-ledger): PostgreSQL Work Ledger with Linear export and import (HOME-143, HOME-144, HOME-145, HOME-146)	none (fork-only path)	retained	fork-only path; carried through merge unchanged	fork-only sweep: git diff 79b037e420943010e03727d7cdb22f05e64507b7..eb795f45e8 -- python/omp-work/src/omp_work/operations/migrations/0004_backup_reader_privileges.sql is empty (path byte-identical to frozen main)
python/omp-work/src/omp_work/operations/migrations/0005_work_service_hardening.sql	python/omp-work/src/omp_work/operations/migrations/0005_work_service_hardening.sql	fork-only	s149f6961d540	feat(work-ledger): PostgreSQL Work Ledger with Linear export and import (HOME-143, HOME-144, HOME-145, HOME-146)	none (fork-only path)	retained	fork-only path; carried through merge unchanged	fork-only sweep: git diff 79b037e420943010e03727d7cdb22f05e64507b7..eb795f45e8 -- python/omp-work/src/omp_work/operations/migrations/0005_work_service_hardening.sql is empty (path byte-identical to frozen main)
python/omp-work/src/omp_work/operations/migrations/0006_linear_export_records.sql	python/omp-work/src/omp_work/operations/migrations/0006_linear_export_records.sql	fork-only	s37c99b8ffcb5	feat(work-ledger): PostgreSQL Work Ledger with Linear export and import (HOME-143, HOME-144, HOME-145, HOME-146)	none (fork-only path)	retained	fork-only path; carried through merge unchanged	fork-only sweep: git diff 79b037e420943010e03727d7cdb22f05e64507b7..eb795f45e8 -- python/omp-work/src/omp_work/operations/migrations/0006_linear_export_records.sql is empty (path byte-identical to frozen main)
python/omp-work/src/omp_work/operations/migrations/0007_linear_import.sql	python/omp-work/src/omp_work/operations/migrations/0007_linear_import.sql	fork-only	s80c3bdac4a63	feat(work-ledger): PostgreSQL Work Ledger with Linear export and import (HOME-143, HOME-144, HOME-145, HOME-146)	none (fork-only path)	retained	fork-only path; carried through merge unchanged	fork-only sweep: git diff 79b037e420943010e03727d7cdb22f05e64507b7..eb795f45e8 -- python/omp-work/src/omp_work/operations/migrations/0007_linear_import.sql is empty (path byte-identical to frozen main)
python/omp-work/src/omp_work/operations/migrations/0008_workflow_candidate_contract.sql	python/omp-work/src/omp_work/operations/migrations/0008_workflow_candidate_contract.sql	fork-only	se164b8afa8bf	feat(work-ledger): interactive OMP workflow on WorkService (HOME-146, HOME-147)	none (fork-only path)	retained	fork-only path; carried through merge unchanged	fork-only sweep: git diff 79b037e420943010e03727d7cdb22f05e64507b7..eb795f45e8 -- python/omp-work/src/omp_work/operations/migrations/0008_workflow_candidate_contract.sql is empty (path byte-identical to frozen main)
python/omp-work/src/omp_work/operations/migrations/0009_service_readiness_grants.sql	python/omp-work/src/omp_work/operations/migrations/0009_service_readiness_grants.sql	fork-only	s9424e6097339	feat(work-ledger): interactive OMP workflow on WorkService (HOME-146, HOME-147)	none (fork-only path)	retained	fork-only path; carried through merge unchanged	fork-only sweep: git diff 79b037e420943010e03727d7cdb22f05e64507b7..eb795f45e8 -- python/omp-work/src/omp_work/operations/migrations/0009_service_readiness_grants.sql is empty (path byte-identical to frozen main)
python/omp-work/src/omp_work/operations/migrations/0010_cutover_authority.sql	python/omp-work/src/omp_work/operations/migrations/0010_cutover_authority.sql	fork-only	sc28dd4b8a219	feat(work-ledger): cutover coordinator, freeze fence, rehearsal smoke reuse (HOME-148); feat(work-ledger): cutover authority, OAuth exporter credential, atomic activation (HOME-148)	none (fork-only path)	retained	fork-only path; carried through merge unchanged	fork-only sweep: git diff 79b037e420943010e03727d7cdb22f05e64507b7..eb795f45e8 -- python/omp-work/src/omp_work/operations/migrations/0010_cutover_authority.sql is empty (path byte-identical to frozen main)
python/omp-work/src/omp_work/operations/migrations/0011_cutover_attestation.sql	python/omp-work/src/omp_work/operations/migrations/0011_cutover_attestation.sql	fork-only	s139face7158d	feat(work-ledger): implement controlled Linear cutover (HOME-148)	none (fork-only path)	retained	fork-only path; carried through merge unchanged	fork-only sweep: git diff 79b037e420943010e03727d7cdb22f05e64507b7..eb795f45e8 -- python/omp-work/src/omp_work/operations/migrations/0011_cutover_attestation.sql is empty (path byte-identical to frozen main)
python/omp-work/src/omp_work/operations/migrations/0012_source_watermark.sql	python/omp-work/src/omp_work/operations/migrations/0012_source_watermark.sql	fork-only	se6e53e7905de	feat(work-ledger): implement controlled Linear cutover (HOME-148)	none (fork-only path)	retained	fork-only path; carried through merge unchanged	fork-only sweep: git diff 79b037e420943010e03727d7cdb22f05e64507b7..eb795f45e8 -- python/omp-work/src/omp_work/operations/migrations/0012_source_watermark.sql is empty (path byte-identical to frozen main)
python/omp-work/src/omp_work/operations/migrations/0013_first_mutation_pairing.sql	python/omp-work/src/omp_work/operations/migrations/0013_first_mutation_pairing.sql	fork-only	s572bf57a0a34	fix(work-ledger): finalize cutover remediation	none (fork-only path)	retained	fork-only path; carried through merge unchanged	fork-only sweep: git diff 79b037e420943010e03727d7cdb22f05e64507b7..eb795f45e8 -- python/omp-work/src/omp_work/operations/migrations/0013_first_mutation_pairing.sql is empty (path byte-identical to frozen main)
python/omp-work/src/omp_work/operations/migrations/0014_close_attempts_and_audit_manifests.sql	python/omp-work/src/omp_work/operations/migrations/0014_close_attempts_and_audit_manifests.sql	fork-only	s65a0c870406a	session candidate: OMP-47	none (fork-only path)	retained	fork-only path; carried through merge unchanged	fork-only sweep: git diff 79b037e420943010e03727d7cdb22f05e64507b7..eb795f45e8 -- python/omp-work/src/omp_work/operations/migrations/0014_close_attempts_and_audit_manifests.sql is empty (path byte-identical to frozen main)
python/omp-work/src/omp_work/operations/migrations/0015_auditor_launch_cancellation.sql	python/omp-work/src/omp_work/operations/migrations/0015_auditor_launch_cancellation.sql	fork-only	s2156c7f06061	session candidate: OMP-65	none (fork-only path)	retained	fork-only path; carried through merge unchanged	fork-only sweep: git diff 79b037e420943010e03727d7cdb22f05e64507b7..eb795f45e8 -- python/omp-work/src/omp_work/operations/migrations/0015_auditor_launch_cancellation.sql is empty (path byte-identical to frozen main)
python/omp-work/src/omp_work/operations/migrations/0016_close_attempt_riders.sql	python/omp-work/src/omp_work/operations/migrations/0016_close_attempt_riders.sql	fork-only	s80d21b4a8bd2	session candidate: OMP-89	none (fork-only path)	retained	fork-only path; carried through merge unchanged	fork-only sweep: git diff 79b037e420943010e03727d7cdb22f05e64507b7..eb795f45e8 -- python/omp-work/src/omp_work/operations/migrations/0016_close_attempt_riders.sql is empty (path byte-identical to frozen main)
python/omp-work/src/omp_work/operations/migrations/0017_close_authorization_uses.sql	python/omp-work/src/omp_work/operations/migrations/0017_close_authorization_uses.sql	fork-only	s54efebea5b37	session candidate: OMP-140	none (fork-only path)	retained	fork-only path; carried through merge unchanged	fork-only sweep: git diff 79b037e420943010e03727d7cdb22f05e64507b7..eb795f45e8 -- python/omp-work/src/omp_work/operations/migrations/0017_close_authorization_uses.sql is empty (path byte-identical to frozen main)
python/omp-work/src/omp_work/operations/sql/roles.sql	python/omp-work/src/omp_work/operations/sql/roles.sql	fork-only	se07b7945ce13	feat(work-ledger): PostgreSQL Work Ledger with Linear export and import (HOME-143, HOME-144, HOME-145, HOME-146)	none (fork-only path)	retained	fork-only path; carried through merge unchanged	fork-only sweep: git diff 79b037e420943010e03727d7cdb22f05e64507b7..eb795f45e8 -- python/omp-work/src/omp_work/operations/sql/roles.sql is empty (path byte-identical to frozen main)
python/omp-work/src/omp_work/py.typed	python/omp-work/src/omp_work/py.typed	fork-only	se0720d76510b	feat(work-ledger): PostgreSQL Work Ledger with Linear export and import (HOME-143, HOME-144, HOME-145, HOME-146)	none (fork-only path)	retained	fork-only path; carried through merge unchanged	fork-only sweep: git diff 79b037e420943010e03727d7cdb22f05e64507b7..eb795f45e8 -- python/omp-work/src/omp_work/py.typed is empty (path byte-identical to frozen main)
python/omp-work/src/omp_work/v1/__init__.py	python/omp-work/src/omp_work/v1/__init__.py	fork-only	s7b0fe647407b	feat(work-ledger): PostgreSQL Work Ledger with Linear export and import (HOME-143, HOME-144, HOME-145, HOME-146)	none (fork-only path)	retained	fork-only path; carried through merge unchanged	fork-only sweep: git diff 79b037e420943010e03727d7cdb22f05e64507b7..eb795f45e8 -- python/omp-work/src/omp_work/v1/__init__.py is empty (path byte-identical to frozen main)
python/omp-work/src/omp_work/v1/api_models.py	python/omp-work/src/omp_work/v1/api_models.py	fork-only	s271e48410bbf	session candidate: OMP-147; session candidate: OMP-140; session candidate: OMP-106; session candidate: OMP-65; session candidate: OMP-47; feat(work-ledger): implement controlled Linear cutover (HOME-148); feat(work-ledger): cutover authority, OAuth exporter credential, atomic activation (HOME-148); feat(work-ledger): interactive OMP workflow on WorkService (HOME-146, HOME-147); feat(work-ledger): PostgreSQL Work Ledger with Linear export and import (HOME-143, HOME-144, HOME-145, HOME-146)	none (fork-only path)	retained	fork-only path; carried through merge unchanged	fork-only sweep: git diff 79b037e420943010e03727d7cdb22f05e64507b7..eb795f45e8 -- python/omp-work/src/omp_work/v1/api_models.py is empty (path byte-identical to frozen main)
python/omp-work/src/omp_work/v1/canonical.py	python/omp-work/src/omp_work/v1/canonical.py	fork-only	sb58891650f8a	session candidate: OMP-140; session candidate: OMP-47; feat(work-ledger): interactive OMP workflow on WorkService (HOME-146, HOME-147); feat(work-ledger): PostgreSQL Work Ledger with Linear export and import (HOME-143, HOME-144, HOME-145, HOME-146)	none (fork-only path)	retained	fork-only path; carried through merge unchanged	fork-only sweep: git diff 79b037e420943010e03727d7cdb22f05e64507b7..eb795f45e8 -- python/omp-work/src/omp_work/v1/canonical.py is empty (path byte-identical to frozen main)
python/omp-work/src/omp_work/v1/client.py	python/omp-work/src/omp_work/v1/client.py	fork-only	s9344b6fe23c1	session candidate: OMP-147; feat(work-ledger): PostgreSQL Work Ledger with Linear export and import (HOME-143, HOME-144, HOME-145, HOME-146)	none (fork-only path)	retained	fork-only path; carried through merge unchanged	fork-only sweep: git diff 79b037e420943010e03727d7cdb22f05e64507b7..eb795f45e8 -- python/omp-work/src/omp_work/v1/client.py is empty (path byte-identical to frozen main)
python/omp-work/src/omp_work/v1/models.py	python/omp-work/src/omp_work/v1/models.py	fork-only	sfe77f45f6fa5	session candidate: OMP-147; session candidate: OMP-140; session candidate: OMP-108; session candidate: OMP-106; session candidate: OMP-99; session candidate: OMP-89; session candidate: OMP-67; session candidate: OMP-65; session candidate: OMP-47; feat(work-ledger): implement controlled Linear cutover (HOME-148); feat(work-ledger): cutover authority, OAuth exporter credential, atomic activation (HOME-148); feat(work-ledger): interactive OMP workflow on WorkService (HOME-146, HOME-147); feat(work-ledger): PostgreSQL Work Ledger with Linear export and import (HOME-143, HOME-144, HOME-145, HOME-146)	none (fork-only path)	retained	fork-only path; carried through merge unchanged	fork-only sweep: git diff 79b037e420943010e03727d7cdb22f05e64507b7..eb795f45e8 -- python/omp-work/src/omp_work/v1/models.py is empty (path byte-identical to frozen main)
python/omp-work/src/omp_work/v1/semantics.py	python/omp-work/src/omp_work/v1/semantics.py	fork-only	s1e662618ffc3	session candidate: OMP-108; session candidate: OMP-99; session candidate: OMP-67; session candidate: OMP-65; session candidate: OMP-47; feat(work-ledger): interactive OMP workflow on WorkService (HOME-146, HOME-147); feat(work-ledger): PostgreSQL Work Ledger with Linear export and import (HOME-143, HOME-144, HOME-145, HOME-146)	none (fork-only path)	retained	fork-only path; carried through merge unchanged	fork-only sweep: git diff 79b037e420943010e03727d7cdb22f05e64507b7..eb795f45e8 -- python/omp-work/src/omp_work/v1/semantics.py is empty (path byte-identical to frozen main)
python/omp-work/src/omp_work/v1/server.py	python/omp-work/src/omp_work/v1/server.py	fork-only	sa5f2d5a5ee3a	session candidate: OMP-147; session candidate: OMP-89; session candidate: OMP-25; feat(work-ledger): cutover authority, OAuth exporter credential, atomic activation (HOME-148); feat(work-ledger): interactive OMP workflow on WorkService (HOME-146, HOME-147); feat(work-ledger): PostgreSQL Work Ledger with Linear export and import (HOME-143, HOME-144, HOME-145, HOME-146)	none (fork-only path)	retained	fork-only path; carried through merge unchanged	fork-only sweep: git diff 79b037e420943010e03727d7cdb22f05e64507b7..eb795f45e8 -- python/omp-work/src/omp_work/v1/server.py is empty (path byte-identical to frozen main)
python/omp-work/src/omp_work/v1/service.py	python/omp-work/src/omp_work/v1/service.py	fork-only	s7599af6e95c3	session candidate: OMP-147; session candidate: OMP-140; session candidate: OMP-65; session candidate: OMP-47; session candidate: OMP-25; feat(work-ledger): implement controlled Linear cutover (HOME-148); feat(work-ledger): cutover authority, OAuth exporter credential, atomic activation (HOME-148); feat(work-ledger): interactive OMP workflow on WorkService (HOME-146, HOME-147); feat(work-ledger): PostgreSQL Work Ledger with Linear export and import (HOME-143, HOME-144, HOME-145, HOME-146)	none (fork-only path)	retained	fork-only path; carried through merge unchanged	fork-only sweep: git diff 79b037e420943010e03727d7cdb22f05e64507b7..eb795f45e8 -- python/omp-work/src/omp_work/v1/service.py is empty (path byte-identical to frozen main)
python/omp-work/src/omp_work/v1/store.py	python/omp-work/src/omp_work/v1/store.py	fork-only	s7f4e2079ebfc	session candidate: OMP-147; session candidate: OMP-141; session candidate: OMP-140; session candidate: OMP-108; session candidate: OMP-107; session candidate: OMP-106; session candidate: OMP-89; session candidate: OMP-65; session candidate: OMP-47; session candidate: OMP-25; feat(work-ledger): implement controlled Linear cutover (HOME-148); feat(work-ledger): cutover authority, OAuth exporter credential, atomic activation (HOME-148); feat(work-ledger): interactive OMP workflow on WorkService (HOME-146, HOME-147); feat(work-ledger): PostgreSQL Work Ledger with Linear export and import (HOME-143, HOME-144, HOME-145, HOME-146)	none (fork-only path)	retained	fork-only path; carried through merge unchanged	fork-only sweep: git diff 79b037e420943010e03727d7cdb22f05e64507b7..eb795f45e8 -- python/omp-work/src/omp_work/v1/store.py is empty (path byte-identical to frozen main)
python/omp-work/tests/pg_native.py	python/omp-work/tests/pg_native.py	fork-only	s511eebb2c826	feat(work-ledger): cutover authority, OAuth exporter credential, atomic activation (HOME-148); feat(work-ledger): interactive OMP workflow on WorkService (HOME-146, HOME-147)	none (fork-only path)	retained	fork-only path; carried through merge unchanged	fork-only sweep: git diff 79b037e420943010e03727d7cdb22f05e64507b7..eb795f45e8 -- python/omp-work/tests/pg_native.py is empty (path byte-identical to frozen main)
python/omp-work/tests/test_contract.py	python/omp-work/tests/test_contract.py	fork-only	s6a79e184c38a	session candidate: OMP-147; session candidate: OMP-108; session candidate: OMP-99; session candidate: OMP-67; session candidate: OMP-65; session candidate: OMP-47; session candidate: HOME-149; feat(work-ledger): cutover coordinator, freeze fence, rehearsal smoke reuse (HOME-148); feat(work-ledger): cutover authority, OAuth exporter credential, atomic activation (HOME-148); feat(work-ledger): interactive OMP workflow on WorkService (HOME-146, HOME-147); feat(work-ledger): PostgreSQL Work Ledger with Linear export and import (HOME-143, HOME-144, HOME-145, HOME-146)	none (fork-only path)	retained	fork-only path; carried through merge unchanged	fork-only sweep: git diff 79b037e420943010e03727d7cdb22f05e64507b7..eb795f45e8 -- python/omp-work/tests/test_contract.py is empty (path byte-identical to frozen main)
python/omp-work/tests/test_cutover.py	python/omp-work/tests/test_cutover.py	fork-only	sf2c4861aaaa1	session candidate: OMP-108; session candidate: HOME-149; feat(work-ledger): implement controlled Linear cutover (HOME-148); feat(work-ledger): cutover authority, OAuth exporter credential, atomic activation (HOME-148)	none (fork-only path)	retained	fork-only path; carried through merge unchanged	fork-only sweep: git diff 79b037e420943010e03727d7cdb22f05e64507b7..eb795f45e8 -- python/omp-work/tests/test_cutover.py is empty (path byte-identical to frozen main)
python/omp-work/tests/test_install_script.py	python/omp-work/tests/test_install_script.py	fork-only	s2a79ca7fbe23	session candidate: OMP-108	none (fork-only path)	retained	fork-only path; carried through merge unchanged	fork-only sweep: git diff 79b037e420943010e03727d7cdb22f05e64507b7..eb795f45e8 -- python/omp-work/tests/test_install_script.py is empty (path byte-identical to frozen main)
python/omp-work/tests/test_linear_import.py	python/omp-work/tests/test_linear_import.py	fork-only	s4493fd7c1d22	session candidate: HOME-149; feat(work-ledger): cutover authority, OAuth exporter credential, atomic activation (HOME-148); feat(work-ledger): interactive OMP workflow on WorkService (HOME-146, HOME-147); feat(work-ledger): PostgreSQL Work Ledger with Linear export and import (HOME-143, HOME-144, HOME-145, HOME-146)	none (fork-only path)	retained	fork-only path; carried through merge unchanged	fork-only sweep: git diff 79b037e420943010e03727d7cdb22f05e64507b7..eb795f45e8 -- python/omp-work/tests/test_linear_import.py is empty (path byte-identical to frozen main)
python/omp-work/tests/test_postgres_operations.py	python/omp-work/tests/test_postgres_operations.py	fork-only	sd83d7eb41295	session candidate: OMP-140; session candidate: OMP-89; session candidate: OMP-67; session candidate: OMP-47; session candidate: HOME-149; fix(work-ledger): finalize cutover remediation; feat(work-ledger): implement controlled Linear cutover (HOME-148); feat(work-ledger): cutover authority, OAuth exporter credential, atomic activation (HOME-148); feat(work-ledger): interactive OMP workflow on WorkService (HOME-146, HOME-147); feat(work-ledger): PostgreSQL Work Ledger with Linear export and import (HOME-143, HOME-144, HOME-145, HOME-146)	none (fork-only path)	retained	fork-only path; carried through merge unchanged	fork-only sweep: git diff 79b037e420943010e03727d7cdb22f05e64507b7..eb795f45e8 -- python/omp-work/tests/test_postgres_operations.py is empty (path byte-identical to frozen main)
python/omp-work/tests/test_work_service.py	python/omp-work/tests/test_work_service.py	fork-only	s439979d7cb35	session candidate: OMP-147; feat(work-ledger): cutover authority, OAuth exporter credential, atomic activation (HOME-148); feat(work-ledger): interactive OMP workflow on WorkService (HOME-146, HOME-147); feat(work-ledger): PostgreSQL Work Ledger with Linear export and import (HOME-143, HOME-144, HOME-145, HOME-146)	none (fork-only path)	retained	fork-only path; carried through merge unchanged	fork-only sweep: git diff 79b037e420943010e03727d7cdb22f05e64507b7..eb795f45e8 -- python/omp-work/tests/test_work_service.py is empty (path byte-identical to frozen main)
python/omp-work/tests/test_workflow_service.py	python/omp-work/tests/test_workflow_service.py	fork-only	s24fb2e78e3b9	session candidate: OMP-147; session candidate: OMP-141; session candidate: OMP-140; session candidate: OMP-108; session candidate: OMP-107; fix(workflow): adopt post-freeze OMP-106 drift + overlap-refusal tests (OMP-116, OMP-118); session candidate: OMP-106; session candidate: OMP-99; session candidate: OMP-89; session candidate: OMP-67; session candidate: OMP-65; session candidate: OMP-47; session candidate: OMP-25; feat(work-ledger): cutover authority, OAuth exporter credential, atomic activation (HOME-148); feat(work-ledger): interactive OMP workflow on WorkService (HOME-146, HOME-147)	none (fork-only path)	retained	fork-only path; carried through merge unchanged	fork-only sweep: git diff 79b037e420943010e03727d7cdb22f05e64507b7..eb795f45e8 -- python/omp-work/tests/test_workflow_service.py is empty (path byte-identical to frozen main)
python/omp-work/uv.lock	python/omp-work/uv.lock	fork-only	s30d44f59c5c7	feat(work-ledger): PostgreSQL Work Ledger with Linear export and import (HOME-143, HOME-144, HOME-145, HOME-146)	none (fork-only path)	retained	fork-only path; carried through merge unchanged	fork-only sweep: git diff 79b037e420943010e03727d7cdb22f05e64507b7..eb795f45e8 -- python/omp-work/uv.lock is empty (path byte-identical to frozen main)
python/robomp/tests/test_persona.py	python/robomp/tests/test_persona.py	shared	s2363bab03de3,s995196c113c8,s5d0a123b637e,sedc4c53b95b1	test(robomp): align queue and worker tests with reminder behavior; Add 'session-system/' from commit '04059416c063478b806a64fd33afc42823557b66'	upstream 18.0.6 reworked this path; textual conflict predicted by merge-tree preview	re-fitted	Retain fork thread/login/PR-review cases; adopt upstream ReleaseTaskContext, release system/kickoff/follow-up prompts, retag contract, release todo phases, and relaxed directive/push-refusal wording assertions.	uv run --project python/robomp --extra dev python -m pytest — 664 passed (gate 9); focused 6-file run 77 passed
python/robomp/tests/test_queue_cancel.py	python/robomp/tests/test_queue_cancel.py	shared	sa74c399156b9	test(robomp): align queue and worker tests with reminder behavior; Add 'session-system/' from commit '04059416c063478b806a64fd33afc42823557b66'	upstream 18.0.6 reworked this path; textual conflict predicted by merge-tree preview	re-fitted	Retain every fork cancellation, operator-error, and reap-order case; add upstream _StubSandbox.reclaim_workspace_caches and reclaim_all_caches methods exactly, with no production-semantic replacement.	uv run --project python/robomp --extra dev python -m pytest — 664 passed (gate 9); focused 6-file run 77 passed
python/robomp/tests/test_queue_dispatch.py	python/robomp/tests/test_queue_dispatch.py	shared	s90e099f6c976	test(robomp): align queue and worker tests with reminder behavior; Add 'session-system/' from commit '04059416c063478b806a64fd33afc42823557b66'	upstream 18.0.6 reworked this path; textual conflict predicted by merge-tree preview	re-fitted	Retain fork issue/PR routes and synchronize no-op; add upstream cache-reclaim stub methods and workflow_run/completed dispatch to tasks.handle_release_ci(payload, attempts).	uv run --project python/robomp --extra dev python -m pytest — 664 passed (gate 9); focused 6-file run 77 passed
python/robomp/tests/test_queue_shutdown.py	python/robomp/tests/test_queue_shutdown.py	shared	s4a18a7821fd0	test(robomp): align queue and worker tests with reminder behavior; Add 'session-system/' from commit '04059416c063478b806a64fd33afc42823557b66'	upstream 18.0.6 reworked this path; textual conflict predicted by merge-tree preview	re-fitted	Retain fork drain-then-kill, cancel-hook/hookless, _shutdown_cancelled, and non-root semaphore cases; add upstream cache-reclaim methods to _StubSandbox.	uv run --project python/robomp --extra dev python -m pytest — 664 passed (gate 9); focused 6-file run 77 passed
python/robomp/tests/test_retry.py	python/robomp/tests/test_retry.py	shared	sd11a56e4158f	test(robomp): align queue and worker tests with reminder behavior; Add 'session-system/' from commit '04059416c063478b806a64fd33afc42823557b66'	upstream 18.0.6 reworked this path; textual conflict predicted by merge-tree preview	re-fitted	Retain fork backoff, jitter, claim gate, manual requeue, retry budget/state, and reap cases; add upstream cache-reclaim methods to _StubSandbox.	uv run --project python/robomp --extra dev python -m pytest — 664 passed (gate 9); focused 6-file run 77 passed
python/robomp/tests/test_worker.py	python/robomp/tests/test_worker.py	shared	s4dbd47d7323a	test(robomp): align queue and worker tests with reminder behavior; Add 'session-system/' from commit '04059416c063478b806a64fd33afc42823557b66'	upstream 18.0.6 reworked this path; textual conflict predicted by merge-tree preview	re-fitted	Retain fork _FakeRpcClient, resume, XDG/permissions, slot groups, timeout, completion/dirty-state, and NativesCache cases; adopt upstream exact terminal-tool reminder set plus release fresh/resumed prompt routing and repeat-until-retag-or-abort cases.	uv run --project python/robomp --extra dev python -m pytest — 664 passed (gate 9); focused 6-file run 77 passed
python/robomp/uv.lock	python/robomp/uv.lock	fork-only	sc561434b1ad8	test(robomp): align queue and worker tests with reminder behavior	none (fork-only path)	retained	fork-only path; carried through merge unchanged	fork-only sweep: git diff 79b037e420943010e03727d7cdb22f05e64507b7..eb795f45e8 -- python/robomp/uv.lock is empty (path byte-identical to frozen main)
session-system/.gitignore	session-system/.gitignore	fork-only	sd00749176bcd	Add 'session-system/' from commit '04059416c063478b806a64fd33afc42823557b66'	none (fork-only path)	retained	fork-only path; carried through merge unchanged	fork-only sweep: git diff 79b037e420943010e03727d7cdb22f05e64507b7..eb795f45e8 -- session-system/.gitignore is empty (path byte-identical to frozen main)
session-system/README.md	session-system/README.md	fork-only	se84d636fc918	session candidate: OMP-25; fix(session): HOME-149 audit remediation; session candidate: HOME-149; feat(work-ledger): interactive OMP workflow on WorkService (HOME-146, HOME-147); docs: record caveman mode rules and session-system merge note; session close: HOME-135; session close: HOME-133; HOME-116: commit live session rules — scope refusals, closeout lock, checkpoint contract (+tests); docs(session-system): update loop includes native refresh step; feat(session-system): native refresh gate in update loop (stale drop-in alarm); feat(session-system): fork tests + update loop after subtree merge; Add 'session-system/' from commit '04059416c063478b806a64fd33afc42823557b66'	none (fork-only path)	re-fitted	OMP-156 §3 docs: update loop rewritten for the pinned non-pushing driver and separate gated cutover	session-system/README.md documents the new contract; verified by review against update.sh behavior (gate 2 tests pin the behavior itself)
session-system/agents/AGENTS.md	session-system/agents/AGENTS.md	fork-only	s36f046fbc080	session candidate: HOME-149; session close: HOME-130; HOME-116: commit live session rules — scope refusals, closeout lock, checkpoint contract (+tests); Add 'session-system/' from commit '04059416c063478b806a64fd33afc42823557b66'	none (fork-only path)	retained	fork-only path; carried through merge unchanged	fork-only sweep: git diff 79b037e420943010e03727d7cdb22f05e64507b7..eb795f45e8 -- session-system/agents/AGENTS.md is empty (path byte-identical to frozen main)
session-system/agents/auditor.md	session-system/agents/auditor.md	fork-only	scbe94fba21e7	fix(session): OMP-11 audit gate remediation; fix(work-ledger): finalize cutover remediation; session close: HOME-137; session close: HOME-135; session close: HOME-133	none (fork-only path)	retained	fork-only path; carried through merge unchanged	fork-only sweep: git diff 79b037e420943010e03727d7cdb22f05e64507b7..eb795f45e8 -- session-system/agents/auditor.md is empty (path byte-identical to frozen main)
session-system/agents/omp-AGENTS.md	session-system/agents/omp-AGENTS.md	fork-only	sb64fae216b63	session candidate: OMP-140; session candidate: OMP-89; session candidate: OMP-23; session candidate: HOME-149; session close: HOME-133; session close: HOME-121; Add 'session-system/' from commit '04059416c063478b806a64fd33afc42823557b66'	none (fork-only path)	retained	fork-only path; carried through merge unchanged	fork-only sweep: git diff 79b037e420943010e03727d7cdb22f05e64507b7..eb795f45e8 -- session-system/agents/omp-AGENTS.md is empty (path byte-identical to frozen main)
session-system/extensions/model-bookends-audit.md	session-system/extensions/model-bookends-audit.md	fork-only	sabe958cb47eb	session candidate: OMP-140; session candidate: OMP-47; session candidate: OMP-38; fix(session): OMP-11 audit gate remediation; feat(work-ledger): interactive OMP workflow on WorkService (HOME-146, HOME-147); session close: HOME-137; session close: HOME-135; session close: HOME-133	none (fork-only path)	retained	fork-only path; carried through merge unchanged	fork-only sweep: git diff 79b037e420943010e03727d7cdb22f05e64507b7..eb795f45e8 -- session-system/extensions/model-bookends-audit.md is empty (path byte-identical to frozen main)
session-system/extensions/model-bookends.ts	session-system/extensions/model-bookends.ts	fork-only	s5b2e1e241f2f	session candidate: OMP-141; fix(workflow): adopt post-freeze OMP-106 drift + overlap-refusal tests (OMP-116, OMP-118); session candidate: OMP-65; session candidate: OMP-47; feat(bookends): land pre-freeze half of audit gate (OMP-38); fix(session): OMP-11 audit gate remediation; fix(session): HOME-149 audit remediation; session candidate: HOME-149; fix(work-ledger): finalize cutover remediation; feat(work-ledger): interactive OMP workflow on WorkService (HOME-146, HOME-147); session close: HOME-137; session close: HOME-134; session close: HOME-135; session close: HOME-133	none (fork-only path)	retained	fork-only path; carried through merge unchanged	fork-only sweep: git diff 79b037e420943010e03727d7cdb22f05e64507b7..eb795f45e8 -- session-system/extensions/model-bookends.ts is empty (path byte-identical to frozen main)
session-system/extensions/work-now.ts	session-system/extensions/work-now.ts	fork-only	s5f5884e8afd0	session candidate: OMP-147; session candidate: OMP-47; session candidate: HOME-149; feat(work-ledger): interactive OMP workflow on WorkService (HOME-146, HOME-147)	none (fork-only path)	retained	fork-only path; carried through merge unchanged	fork-only sweep: git diff 79b037e420943010e03727d7cdb22f05e64507b7..eb795f45e8 -- session-system/extensions/work-now.ts is empty (path byte-identical to frozen main)
session-system/extensions/workflow/backend.ts	session-system/extensions/workflow/backend.ts	fork-only	s46beb8c7b340	session candidate: OMP-147; session candidate: OMP-140; session candidate: OMP-108; session candidate: OMP-107; session candidate: OMP-106; session candidate: OMP-89; session candidate: OMP-65; session candidate: OMP-47; session candidate: OMP-38; session candidate: OMP-25; fix(session): HOME-149 audit remediation; session candidate: HOME-149; fix(work-ledger): restore focused work in fresh sessions; feat(work-ledger): interactive OMP workflow on WorkService (HOME-146, HOME-147)	none (fork-only path)	retained	fork-only path; carried through merge unchanged	fork-only sweep: git diff 79b037e420943010e03727d7cdb22f05e64507b7..eb795f45e8 -- session-system/extensions/workflow/backend.ts is empty (path byte-identical to frozen main)
session-system/extensions/workflow/checkpoint-delivery.ts	session-system/extensions/workflow/checkpoint-delivery.ts	fork-only	s6f6b08faadcf	fix(workflow): adopt post-freeze OMP-106 drift + overlap-refusal tests (OMP-116, OMP-118); session candidate: OMP-106; session candidate: OMP-47	none (fork-only path)	retained	fork-only path; carried through merge unchanged	fork-only sweep: git diff 79b037e420943010e03727d7cdb22f05e64507b7..eb795f45e8 -- session-system/extensions/workflow/checkpoint-delivery.ts is empty (path byte-identical to frozen main)
session-system/extensions/workflow/config.ts	session-system/extensions/workflow/config.ts	fork-only	s5bf0e36957e8	session candidate: OMP-154; session candidate: HOME-149; feat(work-ledger): cutover coordinator, freeze fence, rehearsal smoke reuse (HOME-148); feat(work-ledger): interactive OMP workflow on WorkService (HOME-146, HOME-147)	none (fork-only path)	retained	fork-only path; carried through merge unchanged	fork-only sweep: git diff 79b037e420943010e03727d7cdb22f05e64507b7..eb795f45e8 -- session-system/extensions/workflow/config.ts is empty (path byte-identical to frozen main)
session-system/extensions/workflow/confirm.ts	session-system/extensions/workflow/confirm.ts	fork-only	s796e7646ec00	session candidate: OMP-47; fix(workflow): only owner lifecycle clears audit bridge (OMP-43); feat(work-ledger): interactive OMP workflow on WorkService (HOME-146, HOME-147)	none (fork-only path)	retained	fork-only path; carried through merge unchanged	fork-only sweep: git diff 79b037e420943010e03727d7cdb22f05e64507b7..eb795f45e8 -- session-system/extensions/workflow/confirm.ts is empty (path byte-identical to frozen main)
session-system/extensions/workflow/digest-prompt.md	session-system/extensions/workflow/digest-prompt.md	fork-only	s65993da7b774	feat(work-ledger): interactive OMP workflow on WorkService (HOME-146, HOME-147)	none (fork-only path)	retained	fork-only path; carried through merge unchanged	fork-only sweep: git diff 79b037e420943010e03727d7cdb22f05e64507b7..eb795f45e8 -- session-system/extensions/workflow/digest-prompt.md is empty (path byte-identical to frozen main)
session-system/extensions/workflow/git.ts	session-system/extensions/workflow/git.ts	fork-only	s425d19f2cb91	session candidate: OMP-96; session candidate: OMP-99; session candidate: OMP-65; session candidate: OMP-47; session candidate: HOME-149; feat(work-ledger): interactive OMP workflow on WorkService (HOME-146, HOME-147)	none (fork-only path)	retained	fork-only path; carried through merge unchanged	fork-only sweep: git diff 79b037e420943010e03727d7cdb22f05e64507b7..eb795f45e8 -- session-system/extensions/workflow/git.ts is empty (path byte-identical to frozen main)
session-system/extensions/workflow/host.ts	session-system/extensions/workflow/host.ts	fork-only	sabe7ce968a75	session candidate: OMP-154; fix(session-system): persist specific staged-rider refusal reasons (OMP-149); session candidate: OMP-147; session candidate: OMP-141; session candidate: OMP-140; session candidate: OMP-108; session candidate: OMP-127; session candidate: OMP-107; fix(workflow): adopt post-freeze OMP-106 drift + overlap-refusal tests (OMP-116, OMP-118); session candidate: OMP-106; session candidate: OMP-89; session candidate: OMP-65; session candidate: OMP-69; session candidate: OMP-47; fix(workflow): only owner lifecycle clears audit bridge (OMP-43); session candidate: OMP-38; session candidate: OMP-25; session candidate: OMP-23; fix(session): HOME-149 audit remediation; session candidate: HOME-149; fix(work-ledger): restore focused work in fresh sessions; feat(work-ledger): interactive OMP workflow on WorkService (HOME-146, HOME-147)	none (fork-only path)	retained	fork-only path; carried through merge unchanged	fork-only sweep: git diff 79b037e420943010e03727d7cdb22f05e64507b7..eb795f45e8 -- session-system/extensions/workflow/host.ts is empty (path byte-identical to frozen main)
session-system/extensions/workflow/kind-description.md	session-system/extensions/workflow/kind-description.md	fork-only	s558372d5fcbc	session candidate: OMP-47; feat(work-ledger): interactive OMP workflow on WorkService (HOME-146, HOME-147)	none (fork-only path)	retained	fork-only path; carried through merge unchanged	fork-only sweep: git diff 79b037e420943010e03727d7cdb22f05e64507b7..eb795f45e8 -- session-system/extensions/workflow/kind-description.md is empty (path byte-identical to frozen main)
session-system/extensions/workflow/lock-refusal.md	session-system/extensions/workflow/lock-refusal.md	fork-only	s6518ea605c42	session candidate: OMP-140; feat(work-ledger): interactive OMP workflow on WorkService (HOME-146, HOME-147)	none (fork-only path)	retained	fork-only path; carried through merge unchanged	fork-only sweep: git diff 79b037e420943010e03727d7cdb22f05e64507b7..eb795f45e8 -- session-system/extensions/workflow/lock-refusal.md is empty (path byte-identical to frozen main)
session-system/extensions/workflow/pending-ops.ts	session-system/extensions/workflow/pending-ops.ts	fork-only	sfe451b17d473	session candidate: OMP-108; feat(work-ledger): interactive OMP workflow on WorkService (HOME-146, HOME-147)	none (fork-only path)	retained	fork-only path; carried through merge unchanged	fork-only sweep: git diff 79b037e420943010e03727d7cdb22f05e64507b7..eb795f45e8 -- session-system/extensions/workflow/pending-ops.ts is empty (path byte-identical to frozen main)
session-system/extensions/workflow/rider-batch.ts	session-system/extensions/workflow/rider-batch.ts	fork-only	sb28ce0dff0ea	session candidate: OMP-106; session candidate: OMP-89	none (fork-only path)	retained	fork-only path; carried through merge unchanged	fork-only sweep: git diff 79b037e420943010e03727d7cdb22f05e64507b7..eb795f45e8 -- session-system/extensions/workflow/rider-batch.ts is empty (path byte-identical to frozen main)
session-system/extensions/workflow/sequence.md	session-system/extensions/workflow/sequence.md	fork-only	s8507fe84bde6	feat(work-ledger): interactive OMP workflow on WorkService (HOME-146, HOME-147)	none (fork-only path)	retained	fork-only path; carried through merge unchanged	fork-only sweep: git diff 79b037e420943010e03727d7cdb22f05e64507b7..eb795f45e8 -- session-system/extensions/workflow/sequence.md is empty (path byte-identical to frozen main)
session-system/extensions/workflow/session-ledger-prompt.md	session-system/extensions/workflow/session-ledger-prompt.md	fork-only	sd1695efdb8df	session candidate: OMP-69	none (fork-only path)	retained	fork-only path; carried through merge unchanged	fork-only sweep: git diff 79b037e420943010e03727d7cdb22f05e64507b7..eb795f45e8 -- session-system/extensions/workflow/session-ledger-prompt.md is empty (path byte-identical to frozen main)
session-system/extensions/workflow/session-ledger.ts	session-system/extensions/workflow/session-ledger.ts	fork-only	sa990beff8ea4	session candidate: OMP-108; session candidate: OMP-107; session candidate: OMP-69	none (fork-only path)	retained	fork-only path; carried through merge unchanged	fork-only sweep: git diff 79b037e420943010e03727d7cdb22f05e64507b7..eb795f45e8 -- session-system/extensions/workflow/session-ledger.ts is empty (path byte-identical to frozen main)
session-system/extensions/workflow/status.ts	session-system/extensions/workflow/status.ts	fork-only	s72ff842f2a01	feat(work-ledger): interactive OMP workflow on WorkService (HOME-146, HOME-147)	none (fork-only path)	retained	fork-only path; carried through merge unchanged	fork-only sweep: git diff 79b037e420943010e03727d7cdb22f05e64507b7..eb795f45e8 -- session-system/extensions/workflow/status.ts is empty (path byte-identical to frozen main)
session-system/extensions/workflow/tool-description.md	session-system/extensions/workflow/tool-description.md	fork-only	sa092eb3dfafd	session candidate: OMP-154; session candidate: OMP-140; session candidate: OMP-108; session candidate: OMP-107; session candidate: OMP-23; feat(work-ledger): interactive OMP workflow on WorkService (HOME-146, HOME-147)	none (fork-only path)	retained	fork-only path; carried through merge unchanged	fork-only sweep: git diff 79b037e420943010e03727d7cdb22f05e64507b7..eb795f45e8 -- session-system/extensions/workflow/tool-description.md is empty (path byte-identical to frozen main)
session-system/extensions/workflow/transcript.ts	session-system/extensions/workflow/transcript.ts	fork-only	s0540caff99b3	session candidate: OMP-47	none (fork-only path)	retained	fork-only path; carried through merge unchanged	fork-only sweep: git diff 79b037e420943010e03727d7cdb22f05e64507b7..eb795f45e8 -- session-system/extensions/workflow/transcript.ts is empty (path byte-identical to frozen main)
session-system/extensions/workflow/work.ts	session-system/extensions/workflow/work.ts	fork-only	sf47ce157e5c1	session candidate: OMP-154; session candidate: OMP-147; session candidate: OMP-141; session candidate: OMP-140; session candidate: OMP-127; session candidate: OMP-108; session candidate: OMP-107; session candidate: OMP-106; session candidate: OMP-99; session candidate: OMP-89; session candidate: OMP-65; session candidate: OMP-47; session candidate: OMP-38; session candidate: OMP-25; session candidate: HOME-149; fix(work-ledger): restore focused work in fresh sessions; feat(work-ledger): cutover authority, OAuth exporter credential, atomic activation (HOME-148); feat(work-ledger): interactive OMP workflow on WorkService (HOME-146, HOME-147)	none (fork-only path)	retained	fork-only path; carried through merge unchanged	fork-only sweep: git diff 79b037e420943010e03727d7cdb22f05e64507b7..eb795f45e8 -- session-system/extensions/workflow/work.ts is empty (path byte-identical to frozen main)
session-system/hooks/task-observer-first-tool.mjs	session-system/hooks/task-observer-first-tool.mjs	fork-only	sd782ecdd73bc	session candidate: OMP-154	none (fork-only path)	retained	fork-only path; carried through merge unchanged	fork-only sweep: git diff 79b037e420943010e03727d7cdb22f05e64507b7..eb795f45e8 -- session-system/hooks/task-observer-first-tool.mjs is empty (path byte-identical to frozen main)
session-system/install.sh	session-system/install.sh	fork-only	s28a618582c94	session candidate: OMP-154; session candidate: OMP-47; session candidate: HOME-149; fix(session): preserve extension root metadata; fix(cutover): resolve final audit findings; feat(work-ledger): implement controlled Linear cutover (HOME-148); feat(work-ledger): cutover coordinator, freeze fence, rehearsal smoke reuse (HOME-148); feat(work-ledger): interactive OMP workflow on WorkService (HOME-146, HOME-147); session close: HOME-137; session close: HOME-133; HOME-110: home remaining 11 live skills in session-system (install.sh places them; vibe-check embedded .git stripped); Add 'session-system/' from commit '04059416c063478b806a64fd33afc42823557b66'	none (fork-only path)	re-fitted	OMP-156 §3 extension: read-only --print-manifest generated from the shared managed-destination lists; install flow unchanged otherwise	bun test session-system/tests/install.test.ts — 4 cases via gate 2 (absent-manifest, coverage, byte-stability, expect-backend)
session-system/prompts/archive/PROMPT-adhd-session-review.md	session-system/prompts/archive/PROMPT-adhd-session-review.md	fork-only	s5a05ded47f99	Add 'session-system/' from commit '04059416c063478b806a64fd33afc42823557b66'	none (fork-only path)	retained	fork-only path; carried through merge unchanged	fork-only sweep: git diff 79b037e420943010e03727d7cdb22f05e64507b7..eb795f45e8 -- session-system/prompts/archive/PROMPT-adhd-session-review.md is empty (path byte-identical to frozen main)
session-system/prompts/archive/PROMPT-omp-extension-casualties.md	session-system/prompts/archive/PROMPT-omp-extension-casualties.md	fork-only	s7b68dfb31a6b	Add 'session-system/' from commit '04059416c063478b806a64fd33afc42823557b66'	none (fork-only path)	retained	fork-only path; carried through merge unchanged	fork-only sweep: git diff 79b037e420943010e03727d7cdb22f05e64507b7..eb795f45e8 -- session-system/prompts/archive/PROMPT-omp-extension-casualties.md is empty (path byte-identical to frozen main)
session-system/prompts/archive/PROMPT-omp-linear-integration.md	session-system/prompts/archive/PROMPT-omp-linear-integration.md	fork-only	sd85bee20534c	Add 'session-system/' from commit '04059416c063478b806a64fd33afc42823557b66'	none (fork-only path)	retained	fork-only path; carried through merge unchanged	fork-only sweep: git diff 79b037e420943010e03727d7cdb22f05e64507b7..eb795f45e8 -- session-system/prompts/archive/PROMPT-omp-linear-integration.md is empty (path byte-identical to frozen main)
session-system/prompts/archive/PROMPT-omp-system-walkthrough.md	session-system/prompts/archive/PROMPT-omp-system-walkthrough.md	fork-only	sd85518b678e9	Add 'session-system/' from commit '04059416c063478b806a64fd33afc42823557b66'	none (fork-only path)	retained	fork-only path; carried through merge unchanged	fork-only sweep: git diff 79b037e420943010e03727d7cdb22f05e64507b7..eb795f45e8 -- session-system/prompts/archive/PROMPT-omp-system-walkthrough.md is empty (path byte-identical to frozen main)
session-system/prompts/archive/PROMPT-session-product-drain.md	session-system/prompts/archive/PROMPT-session-product-drain.md	fork-only	s2bee561474c9	Add 'session-system/' from commit '04059416c063478b806a64fd33afc42823557b66'	none (fork-only path)	retained	fork-only path; carried through merge unchanged	fork-only sweep: git diff 79b037e420943010e03727d7cdb22f05e64507b7..eb795f45e8 -- session-system/prompts/archive/PROMPT-session-product-drain.md is empty (path byte-identical to frozen main)
session-system/prompts/archive/PROMPT-session-system-hardening.md	session-system/prompts/archive/PROMPT-session-system-hardening.md	fork-only	sdfc438d99812	Add 'session-system/' from commit '04059416c063478b806a64fd33afc42823557b66'	none (fork-only path)	retained	fork-only path; carried through merge unchanged	fork-only sweep: git diff 79b037e420943010e03727d7cdb22f05e64507b7..eb795f45e8 -- session-system/prompts/archive/PROMPT-session-system-hardening.md is empty (path byte-identical to frozen main)
session-system/prompts/archive/PROMPT-session-system-v2.md	session-system/prompts/archive/PROMPT-session-system-v2.md	fork-only	s57f48791ad65	Add 'session-system/' from commit '04059416c063478b806a64fd33afc42823557b66'	none (fork-only path)	retained	fork-only path; carried through merge unchanged	fork-only sweep: git diff 79b037e420943010e03727d7cdb22f05e64507b7..eb795f45e8 -- session-system/prompts/archive/PROMPT-session-system-v2.md is empty (path byte-identical to frozen main)
session-system/prompts/archive/PROMPT-session-verdict-drain.md	session-system/prompts/archive/PROMPT-session-verdict-drain.md	fork-only	s7bd4d5dc2b41	Add 'session-system/' from commit '04059416c063478b806a64fd33afc42823557b66'	none (fork-only path)	retained	fork-only path; carried through merge unchanged	fork-only sweep: git diff 79b037e420943010e03727d7cdb22f05e64507b7..eb795f45e8 -- session-system/prompts/archive/PROMPT-session-verdict-drain.md is empty (path byte-identical to frozen main)
session-system/refresh-natives.sh	session-system/refresh-natives.sh	fork-only	sc260e87c315d	feat(session-system): native refresh gate in update loop (stale drop-in alarm)	none (fork-only path)	retained	fork-only path; carried through merge unchanged	fork-only sweep: git diff 79b037e420943010e03727d7cdb22f05e64507b7..eb795f45e8 -- session-system/refresh-natives.sh is empty (path byte-identical to frozen main)
session-system/rules/work-plan.md	session-system/rules/work-plan.md	fork-only	sf7f79e063f11	session candidate: OMP-140; session candidate: OMP-23; session candidate: HOME-149; feat(work-ledger): interactive OMP workflow on WorkService (HOME-146, HOME-147)	none (fork-only path)	retained	fork-only path; carried through merge unchanged	fork-only sweep: git diff 79b037e420943010e03727d7cdb22f05e64507b7..eb795f45e8 -- session-system/rules/work-plan.md is empty (path byte-identical to frozen main)
session-system/skills/caveman-commit/README.md	session-system/skills/caveman-commit/README.md	fork-only	s56e909583d5c	HOME-110: home remaining 11 live skills in session-system (install.sh places them; vibe-check embedded .git stripped)	none (fork-only path)	retained	fork-only path; carried through merge unchanged	fork-only sweep: git diff 79b037e420943010e03727d7cdb22f05e64507b7..eb795f45e8 -- session-system/skills/caveman-commit/README.md is empty (path byte-identical to frozen main)
session-system/skills/caveman-commit/SKILL.md	session-system/skills/caveman-commit/SKILL.md	fork-only	s4a6500f0bceb	HOME-110: home remaining 11 live skills in session-system (install.sh places them; vibe-check embedded .git stripped)	none (fork-only path)	retained	fork-only path; carried through merge unchanged	fork-only sweep: git diff 79b037e420943010e03727d7cdb22f05e64507b7..eb795f45e8 -- session-system/skills/caveman-commit/SKILL.md is empty (path byte-identical to frozen main)
session-system/skills/caveman-compress/README.md	session-system/skills/caveman-compress/README.md	fork-only	s9cafe0bcc731	HOME-110: home remaining 11 live skills in session-system (install.sh places them; vibe-check embedded .git stripped)	none (fork-only path)	retained	fork-only path; carried through merge unchanged	fork-only sweep: git diff 79b037e420943010e03727d7cdb22f05e64507b7..eb795f45e8 -- session-system/skills/caveman-compress/README.md is empty (path byte-identical to frozen main)
session-system/skills/caveman-compress/SECURITY.md	session-system/skills/caveman-compress/SECURITY.md	fork-only	sb1783aa6a180	HOME-110: home remaining 11 live skills in session-system (install.sh places them; vibe-check embedded .git stripped)	none (fork-only path)	retained	fork-only path; carried through merge unchanged	fork-only sweep: git diff 79b037e420943010e03727d7cdb22f05e64507b7..eb795f45e8 -- session-system/skills/caveman-compress/SECURITY.md is empty (path byte-identical to frozen main)
session-system/skills/caveman-compress/SKILL.md	session-system/skills/caveman-compress/SKILL.md	fork-only	s87fd539a815a	HOME-110: home remaining 11 live skills in session-system (install.sh places them; vibe-check embedded .git stripped)	none (fork-only path)	retained	fork-only path; carried through merge unchanged	fork-only sweep: git diff 79b037e420943010e03727d7cdb22f05e64507b7..eb795f45e8 -- session-system/skills/caveman-compress/SKILL.md is empty (path byte-identical to frozen main)
session-system/skills/caveman-compress/scripts/__init__.py	session-system/skills/caveman-compress/scripts/__init__.py	fork-only	s8473aa6097d4	HOME-110: home remaining 11 live skills in session-system (install.sh places them; vibe-check embedded .git stripped)	none (fork-only path)	retained	fork-only path; carried through merge unchanged	fork-only sweep: git diff 79b037e420943010e03727d7cdb22f05e64507b7..eb795f45e8 -- session-system/skills/caveman-compress/scripts/__init__.py is empty (path byte-identical to frozen main)
session-system/skills/caveman-compress/scripts/__main__.py	session-system/skills/caveman-compress/scripts/__main__.py	fork-only	s06e36b18e830	HOME-110: home remaining 11 live skills in session-system (install.sh places them; vibe-check embedded .git stripped)	none (fork-only path)	retained	fork-only path; carried through merge unchanged	fork-only sweep: git diff 79b037e420943010e03727d7cdb22f05e64507b7..eb795f45e8 -- session-system/skills/caveman-compress/scripts/__main__.py is empty (path byte-identical to frozen main)
session-system/skills/caveman-compress/scripts/benchmark.py	session-system/skills/caveman-compress/scripts/benchmark.py	fork-only	sff8574f88063	HOME-110: home remaining 11 live skills in session-system (install.sh places them; vibe-check embedded .git stripped)	none (fork-only path)	retained	fork-only path; carried through merge unchanged	fork-only sweep: git diff 79b037e420943010e03727d7cdb22f05e64507b7..eb795f45e8 -- session-system/skills/caveman-compress/scripts/benchmark.py is empty (path byte-identical to frozen main)
session-system/skills/caveman-compress/scripts/cli.py	session-system/skills/caveman-compress/scripts/cli.py	fork-only	sf2d0af0669c6	HOME-110: home remaining 11 live skills in session-system (install.sh places them; vibe-check embedded .git stripped)	none (fork-only path)	retained	fork-only path; carried through merge unchanged	fork-only sweep: git diff 79b037e420943010e03727d7cdb22f05e64507b7..eb795f45e8 -- session-system/skills/caveman-compress/scripts/cli.py is empty (path byte-identical to frozen main)
session-system/skills/caveman-compress/scripts/compress.py	session-system/skills/caveman-compress/scripts/compress.py	fork-only	sea07ef1aa068	HOME-110: home remaining 11 live skills in session-system (install.sh places them; vibe-check embedded .git stripped)	none (fork-only path)	retained	fork-only path; carried through merge unchanged	fork-only sweep: git diff 79b037e420943010e03727d7cdb22f05e64507b7..eb795f45e8 -- session-system/skills/caveman-compress/scripts/compress.py is empty (path byte-identical to frozen main)
session-system/skills/caveman-compress/scripts/detect.py	session-system/skills/caveman-compress/scripts/detect.py	fork-only	sd0dd0fb987b5	HOME-110: home remaining 11 live skills in session-system (install.sh places them; vibe-check embedded .git stripped)	none (fork-only path)	retained	fork-only path; carried through merge unchanged	fork-only sweep: git diff 79b037e420943010e03727d7cdb22f05e64507b7..eb795f45e8 -- session-system/skills/caveman-compress/scripts/detect.py is empty (path byte-identical to frozen main)
session-system/skills/caveman-compress/scripts/validate.py	session-system/skills/caveman-compress/scripts/validate.py	fork-only	sd936791933a1	HOME-110: home remaining 11 live skills in session-system (install.sh places them; vibe-check embedded .git stripped)	none (fork-only path)	retained	fork-only path; carried through merge unchanged	fork-only sweep: git diff 79b037e420943010e03727d7cdb22f05e64507b7..eb795f45e8 -- session-system/skills/caveman-compress/scripts/validate.py is empty (path byte-identical to frozen main)
session-system/skills/caveman-help/README.md	session-system/skills/caveman-help/README.md	fork-only	sf4853a26025c	HOME-110: home remaining 11 live skills in session-system (install.sh places them; vibe-check embedded .git stripped)	none (fork-only path)	retained	fork-only path; carried through merge unchanged	fork-only sweep: git diff 79b037e420943010e03727d7cdb22f05e64507b7..eb795f45e8 -- session-system/skills/caveman-help/README.md is empty (path byte-identical to frozen main)
session-system/skills/caveman-help/SKILL.md	session-system/skills/caveman-help/SKILL.md	fork-only	s5b3476e996aa	HOME-110: home remaining 11 live skills in session-system (install.sh places them; vibe-check embedded .git stripped)	none (fork-only path)	retained	fork-only path; carried through merge unchanged	fork-only sweep: git diff 79b037e420943010e03727d7cdb22f05e64507b7..eb795f45e8 -- session-system/skills/caveman-help/SKILL.md is empty (path byte-identical to frozen main)
session-system/skills/caveman-review/README.md	session-system/skills/caveman-review/README.md	fork-only	s5d4752b93fc4	HOME-110: home remaining 11 live skills in session-system (install.sh places them; vibe-check embedded .git stripped)	none (fork-only path)	retained	fork-only path; carried through merge unchanged	fork-only sweep: git diff 79b037e420943010e03727d7cdb22f05e64507b7..eb795f45e8 -- session-system/skills/caveman-review/README.md is empty (path byte-identical to frozen main)
session-system/skills/caveman-review/SKILL.md	session-system/skills/caveman-review/SKILL.md	fork-only	sa5d14f893aa1	HOME-110: home remaining 11 live skills in session-system (install.sh places them; vibe-check embedded .git stripped)	none (fork-only path)	retained	fork-only path; carried through merge unchanged	fork-only sweep: git diff 79b037e420943010e03727d7cdb22f05e64507b7..eb795f45e8 -- session-system/skills/caveman-review/SKILL.md is empty (path byte-identical to frozen main)
session-system/skills/caveman/README.md	session-system/skills/caveman/README.md	fork-only	s0b5140a1ab3a	HOME-110: home remaining 11 live skills in session-system (install.sh places them; vibe-check embedded .git stripped)	none (fork-only path)	retained	fork-only path; carried through merge unchanged	fork-only sweep: git diff 79b037e420943010e03727d7cdb22f05e64507b7..eb795f45e8 -- session-system/skills/caveman/README.md is empty (path byte-identical to frozen main)
session-system/skills/caveman/SKILL.md	session-system/skills/caveman/SKILL.md	fork-only	s6322c75b1833	HOME-110: home remaining 11 live skills in session-system (install.sh places them; vibe-check embedded .git stripped)	none (fork-only path)	retained	fork-only path; carried through merge unchanged	fork-only sweep: git diff 79b037e420943010e03727d7cdb22f05e64507b7..eb795f45e8 -- session-system/skills/caveman/SKILL.md is empty (path byte-identical to frozen main)
session-system/skills/intake/SKILL.md	session-system/skills/intake/SKILL.md	fork-only	s4d01faadf462	session candidate: OMP-107; session candidate: OMP-47; docs(intake): count OMP-25 intake session (8 total); feat(work-ledger): interactive OMP workflow on WorkService (HOME-146, HOME-147); session close: HOME-137; session close: HOME-133; session close: HOME-130; chore(intake): session count 3 (HOME-123); Add 'session-system/' from commit '04059416c063478b806a64fd33afc42823557b66'	none (fork-only path)	retained	fork-only path; carried through merge unchanged	fork-only sweep: git diff 79b037e420943010e03727d7cdb22f05e64507b7..eb795f45e8 -- session-system/skills/intake/SKILL.md is empty (path byte-identical to frozen main)
session-system/skills/notebooklm/API.md	session-system/skills/notebooklm/API.md	fork-only	se0af49a93105	HOME-110: home remaining 11 live skills in session-system (install.sh places them; vibe-check embedded .git stripped)	none (fork-only path)	retained	fork-only path; carried through merge unchanged	fork-only sweep: git diff 79b037e420943010e03727d7cdb22f05e64507b7..eb795f45e8 -- session-system/skills/notebooklm/API.md is empty (path byte-identical to frozen main)
session-system/skills/notebooklm/SKILL.md	session-system/skills/notebooklm/SKILL.md	fork-only	sf444abae6b41	HOME-110: home remaining 11 live skills in session-system (install.sh places them; vibe-check embedded .git stripped)	none (fork-only path)	retained	fork-only path; carried through merge unchanged	fork-only sweep: git diff 79b037e420943010e03727d7cdb22f05e64507b7..eb795f45e8 -- session-system/skills/notebooklm/SKILL.md is empty (path byte-identical to frozen main)
session-system/skills/notebooklm/playbooks.md	session-system/skills/notebooklm/playbooks.md	fork-only	s3cb5466fda77	HOME-110: home remaining 11 live skills in session-system (install.sh places them; vibe-check embedded .git stripped)	none (fork-only path)	retained	fork-only path; carried through merge unchanged	fork-only sweep: git diff 79b037e420943010e03727d7cdb22f05e64507b7..eb795f45e8 -- session-system/skills/notebooklm/playbooks.md is empty (path byte-identical to frozen main)
session-system/skills/notebooklm/reference.md	session-system/skills/notebooklm/reference.md	fork-only	s75b71d4b991b	HOME-110: home remaining 11 live skills in session-system (install.sh places them; vibe-check embedded .git stripped)	none (fork-only path)	retained	fork-only path; carried through merge unchanged	fork-only sweep: git diff 79b037e420943010e03727d7cdb22f05e64507b7..eb795f45e8 -- session-system/skills/notebooklm/reference.md is empty (path byte-identical to frozen main)
session-system/skills/prompt-master/LICENSE	session-system/skills/prompt-master/LICENSE	fork-only	s66f99c8d763d	HOME-110: home remaining 11 live skills in session-system (install.sh places them; vibe-check embedded .git stripped)	none (fork-only path)	retained	fork-only path; carried through merge unchanged	fork-only sweep: git diff 79b037e420943010e03727d7cdb22f05e64507b7..eb795f45e8 -- session-system/skills/prompt-master/LICENSE is empty (path byte-identical to frozen main)
session-system/skills/prompt-master/README.md	session-system/skills/prompt-master/README.md	fork-only	s9829096ec582	HOME-110: home remaining 11 live skills in session-system (install.sh places them; vibe-check embedded .git stripped)	none (fork-only path)	retained	fork-only path; carried through merge unchanged	fork-only sweep: git diff 79b037e420943010e03727d7cdb22f05e64507b7..eb795f45e8 -- session-system/skills/prompt-master/README.md is empty (path byte-identical to frozen main)
session-system/skills/prompt-master/SKILL.md	session-system/skills/prompt-master/SKILL.md	fork-only	s5d04af0a39bd	HOME-110: home remaining 11 live skills in session-system (install.sh places them; vibe-check embedded .git stripped)	none (fork-only path)	retained	fork-only path; carried through merge unchanged	fork-only sweep: git diff 79b037e420943010e03727d7cdb22f05e64507b7..eb795f45e8 -- session-system/skills/prompt-master/SKILL.md is empty (path byte-identical to frozen main)
session-system/skills/prompt-master/references/patterns.md	session-system/skills/prompt-master/references/patterns.md	fork-only	s7212c6ee2aeb	HOME-110: home remaining 11 live skills in session-system (install.sh places them; vibe-check embedded .git stripped)	none (fork-only path)	retained	fork-only path; carried through merge unchanged	fork-only sweep: git diff 79b037e420943010e03727d7cdb22f05e64507b7..eb795f45e8 -- session-system/skills/prompt-master/references/patterns.md is empty (path byte-identical to frozen main)
session-system/skills/prompt-master/references/templates.md	session-system/skills/prompt-master/references/templates.md	fork-only	s26dd22601bcf	HOME-110: home remaining 11 live skills in session-system (install.sh places them; vibe-check embedded .git stripped)	none (fork-only path)	retained	fork-only path; carried through merge unchanged	fork-only sweep: git diff 79b037e420943010e03727d7cdb22f05e64507b7..eb795f45e8 -- session-system/skills/prompt-master/references/templates.md is empty (path byte-identical to frozen main)
session-system/skills/questionyourself/SKILL.md	session-system/skills/questionyourself/SKILL.md	fork-only	s3248c67897cd	Add 'session-system/' from commit '04059416c063478b806a64fd33afc42823557b66'	none (fork-only path)	retained	fork-only path; carried through merge unchanged	fork-only sweep: git diff 79b037e420943010e03727d7cdb22f05e64507b7..eb795f45e8 -- session-system/skills/questionyourself/SKILL.md is empty (path byte-identical to frozen main)
session-system/skills/summary/SKILL.md	session-system/skills/summary/SKILL.md	fork-only	s95cb6e029a28	session candidate: OMP-140; session candidate: OMP-47; session candidate: OMP-38; session candidate: HOME-149; feat(work-ledger): interactive OMP workflow on WorkService (HOME-146, HOME-147); session close: HOME-130; HOME-116: commit live session rules — scope refusals, closeout lock, checkpoint contract (+tests); HOME-112: uniform memory law — summary skill drops close-time vault ingest; linear-plan gains the law; Add 'session-system/' from commit '04059416c063478b806a64fd33afc42823557b66'	none (fork-only path)	retained	fork-only path; carried through merge unchanged	fork-only sweep: git diff 79b037e420943010e03727d7cdb22f05e64507b7..eb795f45e8 -- session-system/skills/summary/SKILL.md is empty (path byte-identical to frozen main)
session-system/skills/summary/references/ledger-close.md	session-system/skills/summary/references/ledger-close.md	fork-only	sced50c04cdf5	session candidate: OMP-154; session candidate: OMP-147; session candidate: OMP-140; session candidate: OMP-67; session candidate: OMP-47	none (fork-only path)	retained	fork-only path; carried through merge unchanged	fork-only sweep: git diff 79b037e420943010e03727d7cdb22f05e64507b7..eb795f45e8 -- session-system/skills/summary/references/ledger-close.md is empty (path byte-identical to frozen main)
session-system/skills/summary/references/loop-charter.md	session-system/skills/summary/references/loop-charter.md	fork-only	s59557508f9e6	session candidate: OMP-47	none (fork-only path)	retained	fork-only path; carried through merge unchanged	fork-only sweep: git diff 79b037e420943010e03727d7cdb22f05e64507b7..eb795f45e8 -- session-system/skills/summary/references/loop-charter.md is empty (path byte-identical to frozen main)
session-system/skills/summary/references/policy.md	session-system/skills/summary/references/policy.md	fork-only	scdb35147b8cc	session candidate: OMP-47	none (fork-only path)	retained	fork-only path; carried through merge unchanged	fork-only sweep: git diff 79b037e420943010e03727d7cdb22f05e64507b7..eb795f45e8 -- session-system/skills/summary/references/policy.md is empty (path byte-identical to frozen main)
session-system/skills/summary/references/rule-map.md	session-system/skills/summary/references/rule-map.md	fork-only	sfb628a0f53dd	session candidate: OMP-140; session candidate: OMP-47	none (fork-only path)	retained	fork-only path; carried through merge unchanged	fork-only sweep: git diff 79b037e420943010e03727d7cdb22f05e64507b7..eb795f45e8 -- session-system/skills/summary/references/rule-map.md is empty (path byte-identical to frozen main)
session-system/skills/summary/references/session-review.md	session-system/skills/summary/references/session-review.md	fork-only	s0037031ab612	session candidate: OMP-47	none (fork-only path)	retained	fork-only path; carried through merge unchanged	fork-only sweep: git diff 79b037e420943010e03727d7cdb22f05e64507b7..eb795f45e8 -- session-system/skills/summary/references/session-review.md is empty (path byte-identical to frozen main)
session-system/skills/task-observer/SKILL.md	session-system/skills/task-observer/SKILL.md	fork-only	s5474ee9c2abd	session candidate: OMP-47; HOME-110: home remaining 11 live skills in session-system (install.sh places them; vibe-check embedded .git stripped)	none (fork-only path)	retained	fork-only path; carried through merge unchanged	fork-only sweep: git diff 79b037e420943010e03727d7cdb22f05e64507b7..eb795f45e8 -- session-system/skills/task-observer/SKILL.md is empty (path byte-identical to frozen main)
session-system/skills/task-observer/references/environments.md	session-system/skills/task-observer/references/environments.md	fork-only	s567faa1db162	HOME-110: home remaining 11 live skills in session-system (install.sh places them; vibe-check embedded .git stripped)	none (fork-only path)	retained	fork-only path; carried through merge unchanged	fork-only sweep: git diff 79b037e420943010e03727d7cdb22f05e64507b7..eb795f45e8 -- session-system/skills/task-observer/references/environments.md is empty (path byte-identical to frozen main)
session-system/skills/task-observer/references/skill-authoring.md	session-system/skills/task-observer/references/skill-authoring.md	fork-only	sc7a2cccbec64	HOME-110: home remaining 11 live skills in session-system (install.sh places them; vibe-check embedded .git stripped)	none (fork-only path)	retained	fork-only path; carried through merge unchanged	fork-only sweep: git diff 79b037e420943010e03727d7cdb22f05e64507b7..eb795f45e8 -- session-system/skills/task-observer/references/skill-authoring.md is empty (path byte-identical to frozen main)
session-system/skills/task-observer/references/weekly-review.md	session-system/skills/task-observer/references/weekly-review.md	fork-only	sb95ef4a2c5ae	session candidate: OMP-47; HOME-110: home remaining 11 live skills in session-system (install.sh places them; vibe-check embedded .git stripped)	none (fork-only path)	retained	fork-only path; carried through merge unchanged	fork-only sweep: git diff 79b037e420943010e03727d7cdb22f05e64507b7..eb795f45e8 -- session-system/skills/task-observer/references/weekly-review.md is empty (path byte-identical to frozen main)
session-system/skills/vibe-check/.nojekyll	session-system/skills/vibe-check/.nojekyll	fork-only	s53016fc30562	HOME-110: home remaining 11 live skills in session-system (install.sh places them; vibe-check embedded .git stripped)	none (fork-only path)	retained	fork-only path; carried through merge unchanged	fork-only sweep: git diff 79b037e420943010e03727d7cdb22f05e64507b7..eb795f45e8 -- session-system/skills/vibe-check/.nojekyll is empty (path byte-identical to frozen main)
session-system/skills/vibe-check/CHANGELOG.md	session-system/skills/vibe-check/CHANGELOG.md	fork-only	s650754f1643b	HOME-110: home remaining 11 live skills in session-system (install.sh places them; vibe-check embedded .git stripped)	none (fork-only path)	retained	fork-only path; carried through merge unchanged	fork-only sweep: git diff 79b037e420943010e03727d7cdb22f05e64507b7..eb795f45e8 -- session-system/skills/vibe-check/CHANGELOG.md is empty (path byte-identical to frozen main)
session-system/skills/vibe-check/LICENSE	session-system/skills/vibe-check/LICENSE	fork-only	s7d65c4876889	HOME-110: home remaining 11 live skills in session-system (install.sh places them; vibe-check embedded .git stripped)	none (fork-only path)	retained	fork-only path; carried through merge unchanged	fork-only sweep: git diff 79b037e420943010e03727d7cdb22f05e64507b7..eb795f45e8 -- session-system/skills/vibe-check/LICENSE is empty (path byte-identical to frozen main)
session-system/skills/vibe-check/README.md	session-system/skills/vibe-check/README.md	fork-only	s78592175141e	HOME-110: home remaining 11 live skills in session-system (install.sh places them; vibe-check embedded .git stripped)	none (fork-only path)	retained	fork-only path; carried through merge unchanged	fork-only sweep: git diff 79b037e420943010e03727d7cdb22f05e64507b7..eb795f45e8 -- session-system/skills/vibe-check/README.md is empty (path byte-identical to frozen main)
session-system/skills/vibe-check/RELEASING.md	session-system/skills/vibe-check/RELEASING.md	fork-only	s72f18ee1f545	HOME-110: home remaining 11 live skills in session-system (install.sh places them; vibe-check embedded .git stripped)	none (fork-only path)	retained	fork-only path; carried through merge unchanged	fork-only sweep: git diff 79b037e420943010e03727d7cdb22f05e64507b7..eb795f45e8 -- session-system/skills/vibe-check/RELEASING.md is empty (path byte-identical to frozen main)
session-system/skills/vibe-check/SKILL.md	session-system/skills/vibe-check/SKILL.md	fork-only	s798c2a8fefd0	HOME-110: home remaining 11 live skills in session-system (install.sh places them; vibe-check embedded .git stripped)	none (fork-only path)	retained	fork-only path; carried through merge unchanged	fork-only sweep: git diff 79b037e420943010e03727d7cdb22f05e64507b7..eb795f45e8 -- session-system/skills/vibe-check/SKILL.md is empty (path byte-identical to frozen main)
session-system/skills/vibe-check/VERSION	session-system/skills/vibe-check/VERSION	fork-only	s7f07b268aec9	HOME-110: home remaining 11 live skills in session-system (install.sh places them; vibe-check embedded .git stripped)	none (fork-only path)	retained	fork-only path; carried through merge unchanged	fork-only sweep: git diff 79b037e420943010e03727d7cdb22f05e64507b7..eb795f45e8 -- session-system/skills/vibe-check/VERSION is empty (path byte-identical to frozen main)
session-system/skills/vibe-check/assets/diagrams/blueprint.html	session-system/skills/vibe-check/assets/diagrams/blueprint.html	fork-only	s6ab3aecc3d2e	HOME-110: home remaining 11 live skills in session-system (install.sh places them; vibe-check embedded .git stripped)	none (fork-only path)	retained	fork-only path; carried through merge unchanged	fork-only sweep: git diff 79b037e420943010e03727d7cdb22f05e64507b7..eb795f45e8 -- session-system/skills/vibe-check/assets/diagrams/blueprint.html is empty (path byte-identical to frozen main)
session-system/skills/vibe-check/assets/diagrams/crazy8-combine.html	session-system/skills/vibe-check/assets/diagrams/crazy8-combine.html	fork-only	sd03c9cfc2de5	HOME-110: home remaining 11 live skills in session-system (install.sh places them; vibe-check embedded .git stripped)	none (fork-only path)	retained	fork-only path; carried through merge unchanged	fork-only sweep: git diff 79b037e420943010e03727d7cdb22f05e64507b7..eb795f45e8 -- session-system/skills/vibe-check/assets/diagrams/crazy8-combine.html is empty (path byte-identical to frozen main)
session-system/skills/vibe-check/assets/diagrams/crazy8-web.html	session-system/skills/vibe-check/assets/diagrams/crazy8-web.html	fork-only	s28977f0d9c51	HOME-110: home remaining 11 live skills in session-system (install.sh places them; vibe-check embedded .git stripped)	none (fork-only path)	retained	fork-only path; carried through merge unchanged	fork-only sweep: git diff 79b037e420943010e03727d7cdb22f05e64507b7..eb795f45e8 -- session-system/skills/vibe-check/assets/diagrams/crazy8-web.html is empty (path byte-identical to frozen main)
session-system/skills/vibe-check/assets/diagrams/crazy8.html	session-system/skills/vibe-check/assets/diagrams/crazy8.html	fork-only	sf311b90b6aaf	HOME-110: home remaining 11 live skills in session-system (install.sh places them; vibe-check embedded .git stripped)	none (fork-only path)	retained	fork-only path; carried through merge unchanged	fork-only sweep: git diff 79b037e420943010e03727d7cdb22f05e64507b7..eb795f45e8 -- session-system/skills/vibe-check/assets/diagrams/crazy8.html is empty (path byte-identical to frozen main)
session-system/skills/vibe-check/assets/diagrams/data-clearlist.json	session-system/skills/vibe-check/assets/diagrams/data-clearlist.json	fork-only	s45449bfd900b	HOME-110: home remaining 11 live skills in session-system (install.sh places them; vibe-check embedded .git stripped)	none (fork-only path)	retained	fork-only path; carried through merge unchanged	fork-only sweep: git diff 79b037e420943010e03727d7cdb22f05e64507b7..eb795f45e8 -- session-system/skills/vibe-check/assets/diagrams/data-clearlist.json is empty (path byte-identical to frozen main)
session-system/skills/vibe-check/assets/diagrams/data-matrix-example.json	session-system/skills/vibe-check/assets/diagrams/data-matrix-example.json	fork-only	s255e372f0216	HOME-110: home remaining 11 live skills in session-system (install.sh places them; vibe-check embedded .git stripped)	none (fork-only path)	retained	fork-only path; carried through merge unchanged	fork-only sweep: git diff 79b037e420943010e03727d7cdb22f05e64507b7..eb795f45e8 -- session-system/skills/vibe-check/assets/diagrams/data-matrix-example.json is empty (path byte-identical to frozen main)
session-system/skills/vibe-check/assets/diagrams/data-opportunity-example.json	session-system/skills/vibe-check/assets/diagrams/data-opportunity-example.json	fork-only	s223ea1688f20	HOME-110: home remaining 11 live skills in session-system (install.sh places them; vibe-check embedded .git stripped)	none (fork-only path)	retained	fork-only path; carried through merge unchanged	fork-only sweep: git diff 79b037e420943010e03727d7cdb22f05e64507b7..eb795f45e8 -- session-system/skills/vibe-check/assets/diagrams/data-opportunity-example.json is empty (path byte-identical to frozen main)
session-system/skills/vibe-check/assets/diagrams/data-skillconcierge.json	session-system/skills/vibe-check/assets/diagrams/data-skillconcierge.json	fork-only	s4407a03a034c	HOME-110: home remaining 11 live skills in session-system (install.sh places them; vibe-check embedded .git stripped)	none (fork-only path)	retained	fork-only path; carried through merge unchanged	fork-only sweep: git diff 79b037e420943010e03727d7cdb22f05e64507b7..eb795f45e8 -- session-system/skills/vibe-check/assets/diagrams/data-skillconcierge.json is empty (path byte-identical to frozen main)
session-system/skills/vibe-check/assets/diagrams/data-storymap-example.json	session-system/skills/vibe-check/assets/diagrams/data-storymap-example.json	fork-only	sb3aa40fa74c2	HOME-110: home remaining 11 live skills in session-system (install.sh places them; vibe-check embedded .git stripped)	none (fork-only path)	retained	fork-only path; carried through merge unchanged	fork-only sweep: git diff 79b037e420943010e03727d7cdb22f05e64507b7..eb795f45e8 -- session-system/skills/vibe-check/assets/diagrams/data-storymap-example.json is empty (path byte-identical to frozen main)
session-system/skills/vibe-check/assets/diagrams/data-vinti.json	session-system/skills/vibe-check/assets/diagrams/data-vinti.json	fork-only	s06cdd7fe0be7	HOME-110: home remaining 11 live skills in session-system (install.sh places them; vibe-check embedded .git stripped)	none (fork-only path)	retained	fork-only path; carried through merge unchanged	fork-only sweep: git diff 79b037e420943010e03727d7cdb22f05e64507b7..eb795f45e8 -- session-system/skills/vibe-check/assets/diagrams/data-vinti.json is empty (path byte-identical to frozen main)
session-system/skills/vibe-check/assets/diagrams/engine.css	session-system/skills/vibe-check/assets/diagrams/engine.css	fork-only	se95c002834b1	HOME-110: home remaining 11 live skills in session-system (install.sh places them; vibe-check embedded .git stripped)	none (fork-only path)	retained	fork-only path; carried through merge unchanged	fork-only sweep: git diff 79b037e420943010e03727d7cdb22f05e64507b7..eb795f45e8 -- session-system/skills/vibe-check/assets/diagrams/engine.css is empty (path byte-identical to frozen main)
session-system/skills/vibe-check/assets/diagrams/matrix.html	session-system/skills/vibe-check/assets/diagrams/matrix.html	fork-only	seb7e2ef32f28	HOME-110: home remaining 11 live skills in session-system (install.sh places them; vibe-check embedded .git stripped)	none (fork-only path)	retained	fork-only path; carried through merge unchanged	fork-only sweep: git diff 79b037e420943010e03727d7cdb22f05e64507b7..eb795f45e8 -- session-system/skills/vibe-check/assets/diagrams/matrix.html is empty (path byte-identical to frozen main)
session-system/skills/vibe-check/assets/diagrams/opportunity.html	session-system/skills/vibe-check/assets/diagrams/opportunity.html	fork-only	s7a3ab4996081	HOME-110: home remaining 11 live skills in session-system (install.sh places them; vibe-check embedded .git stripped)	none (fork-only path)	retained	fork-only path; carried through merge unchanged	fork-only sweep: git diff 79b037e420943010e03727d7cdb22f05e64507b7..eb795f45e8 -- session-system/skills/vibe-check/assets/diagrams/opportunity.html is empty (path byte-identical to frozen main)
session-system/skills/vibe-check/assets/diagrams/storymap.html	session-system/skills/vibe-check/assets/diagrams/storymap.html	fork-only	s09ab95f3bf1c	HOME-110: home remaining 11 live skills in session-system (install.sh places them; vibe-check embedded .git stripped)	none (fork-only path)	retained	fork-only path; carried through merge unchanged	fork-only sweep: git diff 79b037e420943010e03727d7cdb22f05e64507b7..eb795f45e8 -- session-system/skills/vibe-check/assets/diagrams/storymap.html is empty (path byte-identical to frozen main)
session-system/skills/vibe-check/assets/readme-banner.png	session-system/skills/vibe-check/assets/readme-banner.png	fork-only	sf1ac54d58f18	HOME-110: home remaining 11 live skills in session-system (install.sh places them; vibe-check embedded .git stripped)	none (fork-only path)	retained	fork-only path; carried through merge unchanged	fork-only sweep: git diff 79b037e420943010e03727d7cdb22f05e64507b7..eb795f45e8 -- session-system/skills/vibe-check/assets/readme-banner.png is empty (path byte-identical to frozen main)
session-system/skills/vibe-check/bump.sh	session-system/skills/vibe-check/bump.sh	fork-only	s064d6339de88	HOME-110: home remaining 11 live skills in session-system (install.sh places them; vibe-check embedded .git stripped)	none (fork-only path)	retained	fork-only path; carried through merge unchanged	fork-only sweep: git diff 79b037e420943010e03727d7cdb22f05e64507b7..eb795f45e8 -- session-system/skills/vibe-check/bump.sh is empty (path byte-identical to frozen main)
session-system/skills/vibe-check/examples/README.md	session-system/skills/vibe-check/examples/README.md	fork-only	s33ca8b45cf70	HOME-110: home remaining 11 live skills in session-system (install.sh places them; vibe-check embedded .git stripped)	none (fork-only path)	retained	fork-only path; carried through merge unchanged	fork-only sweep: git diff 79b037e420943010e03727d7cdb22f05e64507b7..eb795f45e8 -- session-system/skills/vibe-check/examples/README.md is empty (path byte-identical to frozen main)
session-system/skills/vibe-check/examples/audhd-validation-report.html	session-system/skills/vibe-check/examples/audhd-validation-report.html	fork-only	s98af12cef764	HOME-110: home remaining 11 live skills in session-system (install.sh places them; vibe-check embedded .git stripped)	none (fork-only path)	retained	fork-only path; carried through merge unchanged	fork-only sweep: git diff 79b037e420943010e03727d7cdb22f05e64507b7..eb795f45e8 -- session-system/skills/vibe-check/examples/audhd-validation-report.html is empty (path byte-identical to frozen main)
session-system/skills/vibe-check/examples/clearlist-blueprint.html	session-system/skills/vibe-check/examples/clearlist-blueprint.html	fork-only	s771ed620fa05	HOME-110: home remaining 11 live skills in session-system (install.sh places them; vibe-check embedded .git stripped)	none (fork-only path)	retained	fork-only path; carried through merge unchanged	fork-only sweep: git diff 79b037e420943010e03727d7cdb22f05e64507b7..eb795f45e8 -- session-system/skills/vibe-check/examples/clearlist-blueprint.html is empty (path byte-identical to frozen main)
session-system/skills/vibe-check/examples/clearlist-prd.html	session-system/skills/vibe-check/examples/clearlist-prd.html	fork-only	s9711d6137dcc	HOME-110: home remaining 11 live skills in session-system (install.sh places them; vibe-check embedded .git stripped)	none (fork-only path)	retained	fork-only path; carried through merge unchanged	fork-only sweep: git diff 79b037e420943010e03727d7cdb22f05e64507b7..eb795f45e8 -- session-system/skills/vibe-check/examples/clearlist-prd.html is empty (path byte-identical to frozen main)
session-system/skills/vibe-check/examples/clearlist-session.md	session-system/skills/vibe-check/examples/clearlist-session.md	fork-only	sb55f2de5b13e	HOME-110: home remaining 11 live skills in session-system (install.sh places them; vibe-check embedded .git stripped)	none (fork-only path)	retained	fork-only path; carried through merge unchanged	fork-only sweep: git diff 79b037e420943010e03727d7cdb22f05e64507b7..eb795f45e8 -- session-system/skills/vibe-check/examples/clearlist-session.md is empty (path byte-identical to frozen main)
session-system/skills/vibe-check/examples/plant-blueprint.html	session-system/skills/vibe-check/examples/plant-blueprint.html	fork-only	s43be0cc9f59d	HOME-110: home remaining 11 live skills in session-system (install.sh places them; vibe-check embedded .git stripped)	none (fork-only path)	retained	fork-only path; carried through merge unchanged	fork-only sweep: git diff 79b037e420943010e03727d7cdb22f05e64507b7..eb795f45e8 -- session-system/skills/vibe-check/examples/plant-blueprint.html is empty (path byte-identical to frozen main)
session-system/skills/vibe-check/examples/plant-watering.md	session-system/skills/vibe-check/examples/plant-watering.md	fork-only	s487831efd8cc	HOME-110: home remaining 11 live skills in session-system (install.sh places them; vibe-check embedded .git stripped)	none (fork-only path)	retained	fork-only path; carried through merge unchanged	fork-only sweep: git diff 79b037e420943010e03727d7cdb22f05e64507b7..eb795f45e8 -- session-system/skills/vibe-check/examples/plant-watering.md is empty (path byte-identical to frozen main)
session-system/skills/vibe-check/references/CODE-CHECKUP.md	session-system/skills/vibe-check/references/CODE-CHECKUP.md	fork-only	s5fe3d2f2171a	HOME-110: home remaining 11 live skills in session-system (install.sh places them; vibe-check embedded .git stripped)	none (fork-only path)	retained	fork-only path; carried through merge unchanged	fork-only sweep: git diff 79b037e420943010e03727d7cdb22f05e64507b7..eb795f45e8 -- session-system/skills/vibe-check/references/CODE-CHECKUP.md is empty (path byte-identical to frozen main)
session-system/skills/vibe-check/references/COLD-START.md	session-system/skills/vibe-check/references/COLD-START.md	fork-only	s964755a22c0d	HOME-110: home remaining 11 live skills in session-system (install.sh places them; vibe-check embedded .git stripped)	none (fork-only path)	retained	fork-only path; carried through merge unchanged	fork-only sweep: git diff 79b037e420943010e03727d7cdb22f05e64507b7..eb795f45e8 -- session-system/skills/vibe-check/references/COLD-START.md is empty (path byte-identical to frozen main)
session-system/skills/vibe-check/references/DIAGRAM-SYSTEM.md	session-system/skills/vibe-check/references/DIAGRAM-SYSTEM.md	fork-only	s539a67f8577e	HOME-110: home remaining 11 live skills in session-system (install.sh places them; vibe-check embedded .git stripped)	none (fork-only path)	retained	fork-only path; carried through merge unchanged	fork-only sweep: git diff 79b037e420943010e03727d7cdb22f05e64507b7..eb795f45e8 -- session-system/skills/vibe-check/references/DIAGRAM-SYSTEM.md is empty (path byte-identical to frozen main)
session-system/skills/vibe-check/references/DISCOVERY-DEEP-DIVE.md	session-system/skills/vibe-check/references/DISCOVERY-DEEP-DIVE.md	fork-only	s73685b65f9bc	HOME-110: home remaining 11 live skills in session-system (install.sh places them; vibe-check embedded .git stripped)	none (fork-only path)	retained	fork-only path; carried through merge unchanged	fork-only sweep: git diff 79b037e420943010e03727d7cdb22f05e64507b7..eb795f45e8 -- session-system/skills/vibe-check/references/DISCOVERY-DEEP-DIVE.md is empty (path byte-identical to frozen main)
session-system/skills/vibe-check/references/EXPERIENCE-BLUEPRINT.md	session-system/skills/vibe-check/references/EXPERIENCE-BLUEPRINT.md	fork-only	sb60bb3ab5924	HOME-110: home remaining 11 live skills in session-system (install.sh places them; vibe-check embedded .git stripped)	none (fork-only path)	retained	fork-only path; carried through merge unchanged	fork-only sweep: git diff 79b037e420943010e03727d7cdb22f05e64507b7..eb795f45e8 -- session-system/skills/vibe-check/references/EXPERIENCE-BLUEPRINT.md is empty (path byte-identical to frozen main)
session-system/skills/vibe-check/references/GITHUB-AND-DEPLOYMENT.md	session-system/skills/vibe-check/references/GITHUB-AND-DEPLOYMENT.md	fork-only	sfc0bcab0445d	HOME-110: home remaining 11 live skills in session-system (install.sh places them; vibe-check embedded .git stripped)	none (fork-only path)	retained	fork-only path; carried through merge unchanged	fork-only sweep: git diff 79b037e420943010e03727d7cdb22f05e64507b7..eb795f45e8 -- session-system/skills/vibe-check/references/GITHUB-AND-DEPLOYMENT.md is empty (path byte-identical to frozen main)
session-system/skills/vibe-check/references/GROWTH-LOOPS.md	session-system/skills/vibe-check/references/GROWTH-LOOPS.md	fork-only	sb1fefb74e680	HOME-110: home remaining 11 live skills in session-system (install.sh places them; vibe-check embedded .git stripped)	none (fork-only path)	retained	fork-only path; carried through merge unchanged	fork-only sweep: git diff 79b037e420943010e03727d7cdb22f05e64507b7..eb795f45e8 -- session-system/skills/vibe-check/references/GROWTH-LOOPS.md is empty (path byte-identical to frozen main)
session-system/skills/vibe-check/references/HTML-BLUEPRINT.md	session-system/skills/vibe-check/references/HTML-BLUEPRINT.md	fork-only	s339cdebc4ae1	HOME-110: home remaining 11 live skills in session-system (install.sh places them; vibe-check embedded .git stripped)	none (fork-only path)	retained	fork-only path; carried through merge unchanged	fork-only sweep: git diff 79b037e420943010e03727d7cdb22f05e64507b7..eb795f45e8 -- session-system/skills/vibe-check/references/HTML-BLUEPRINT.md is empty (path byte-identical to frozen main)
session-system/skills/vibe-check/references/KEEPING-CODE-NAVIGABLE.md	session-system/skills/vibe-check/references/KEEPING-CODE-NAVIGABLE.md	fork-only	s075f0fde446c	HOME-110: home remaining 11 live skills in session-system (install.sh places them; vibe-check embedded .git stripped)	none (fork-only path)	retained	fork-only path; carried through merge unchanged	fork-only sweep: git diff 79b037e420943010e03727d7cdb22f05e64507b7..eb795f45e8 -- session-system/skills/vibe-check/references/KEEPING-CODE-NAVIGABLE.md is empty (path byte-identical to frozen main)
session-system/skills/vibe-check/references/MANAGING-YOUR-AI.md	session-system/skills/vibe-check/references/MANAGING-YOUR-AI.md	fork-only	sf5d79304a6d9	HOME-110: home remaining 11 live skills in session-system (install.sh places them; vibe-check embedded .git stripped)	none (fork-only path)	retained	fork-only path; carried through merge unchanged	fork-only sweep: git diff 79b037e420943010e03727d7cdb22f05e64507b7..eb795f45e8 -- session-system/skills/vibe-check/references/MANAGING-YOUR-AI.md is empty (path byte-identical to frozen main)
session-system/skills/vibe-check/references/MULTI-SIDED.md	session-system/skills/vibe-check/references/MULTI-SIDED.md	fork-only	s3e7af221027b	HOME-110: home remaining 11 live skills in session-system (install.sh places them; vibe-check embedded .git stripped)	none (fork-only path)	retained	fork-only path; carried through merge unchanged	fork-only sweep: git diff 79b037e420943010e03727d7cdb22f05e64507b7..eb795f45e8 -- session-system/skills/vibe-check/references/MULTI-SIDED.md is empty (path byte-identical to frozen main)
session-system/skills/vibe-check/references/PLAN-TEMPLATE.md	session-system/skills/vibe-check/references/PLAN-TEMPLATE.md	fork-only	s2c23ca622156	HOME-110: home remaining 11 live skills in session-system (install.sh places them; vibe-check embedded .git stripped)	none (fork-only path)	retained	fork-only path; carried through merge unchanged	fork-only sweep: git diff 79b037e420943010e03727d7cdb22f05e64507b7..eb795f45e8 -- session-system/skills/vibe-check/references/PLAN-TEMPLATE.md is empty (path byte-identical to frozen main)
session-system/skills/vibe-check/references/PRD.md	session-system/skills/vibe-check/references/PRD.md	fork-only	se28ebe62e6e0	HOME-110: home remaining 11 live skills in session-system (install.sh places them; vibe-check embedded .git stripped)	none (fork-only path)	retained	fork-only path; carried through merge unchanged	fork-only sweep: git diff 79b037e420943010e03727d7cdb22f05e64507b7..eb795f45e8 -- session-system/skills/vibe-check/references/PRD.md is empty (path byte-identical to frozen main)
session-system/skills/vibe-check/references/WHAT-A-SKILL-ACTUALLY-IS.md	session-system/skills/vibe-check/references/WHAT-A-SKILL-ACTUALLY-IS.md	fork-only	s156a752d79cc	HOME-110: home remaining 11 live skills in session-system (install.sh places them; vibe-check embedded .git stripped)	none (fork-only path)	retained	fork-only path; carried through merge unchanged	fork-only sweep: git diff 79b037e420943010e03727d7cdb22f05e64507b7..eb795f45e8 -- session-system/skills/vibe-check/references/WHAT-A-SKILL-ACTUALLY-IS.md is empty (path byte-identical to frozen main)
session-system/skills/whatsmissing/SKILL.md	session-system/skills/whatsmissing/SKILL.md	fork-only	sb184bbb2beb2	Add 'session-system/' from commit '04059416c063478b806a64fd33afc42823557b66'	none (fork-only path)	retained	fork-only path; carried through merge unchanged	fork-only sweep: git diff 79b037e420943010e03727d7cdb22f05e64507b7..eb795f45e8 -- session-system/skills/whatsmissing/SKILL.md is empty (path byte-identical to frozen main)
session-system/skills/wiz-ccr-creator/SKILL.md	session-system/skills/wiz-ccr-creator/SKILL.md	fork-only	s7b43dd9ebc2a	HOME-110: home remaining 11 live skills in session-system (install.sh places them; vibe-check embedded .git stripped)	none (fork-only path)	retained	fork-only path; carried through merge unchanged	fork-only sweep: git diff 79b037e420943010e03727d7cdb22f05e64507b7..eb795f45e8 -- session-system/skills/wiz-ccr-creator/SKILL.md is empty (path byte-identical to frozen main)
session-system/skills/wiz-ccr-creator/references/ccr_reference.md	session-system/skills/wiz-ccr-creator/references/ccr_reference.md	fork-only	sef53457697a9	HOME-110: home remaining 11 live skills in session-system (install.sh places them; vibe-check embedded .git stripped)	none (fork-only path)	retained	fork-only path; carried through merge unchanged	fork-only sweep: git diff 79b037e420943010e03727d7cdb22f05e64507b7..eb795f45e8 -- session-system/skills/wiz-ccr-creator/references/ccr_reference.md is empty (path byte-identical to frozen main)
session-system/skills/wiz-mcp/SKILL.md	session-system/skills/wiz-mcp/SKILL.md	fork-only	s70aee90f8744	HOME-110: home remaining 11 live skills in session-system (install.sh places them; vibe-check embedded .git stripped)	none (fork-only path)	retained	fork-only path; carried through merge unchanged	fork-only sweep: git diff 79b037e420943010e03727d7cdb22f05e64507b7..eb795f45e8 -- session-system/skills/wiz-mcp/SKILL.md is empty (path byte-identical to frozen main)
session-system/tests/checkpoint-delivery.test.ts	session-system/tests/checkpoint-delivery.test.ts	fork-only	s71129aa2bb22	fix(workflow): adopt post-freeze OMP-106 drift + overlap-refusal tests (OMP-116, OMP-118); session candidate: OMP-106	none (fork-only path)	retained	fork-only path; carried through merge unchanged	fork-only sweep: git diff 79b037e420943010e03727d7cdb22f05e64507b7..eb795f45e8 -- session-system/tests/checkpoint-delivery.test.ts is empty (path byte-identical to frozen main)
session-system/tests/closeout-boundary.test.ts	session-system/tests/closeout-boundary.test.ts	fork-only	s991b33833955	session candidate: HOME-149; session close: HOME-130; HOME-116: commit live session rules — scope refusals, closeout lock, checkpoint contract (+tests)	none (fork-only path)	retained	fork-only path; carried through merge unchanged	fork-only sweep: git diff 79b037e420943010e03727d7cdb22f05e64507b7..eb795f45e8 -- session-system/tests/closeout-boundary.test.ts is empty (path byte-identical to frozen main)
session-system/tests/closeout-lock.test.ts	session-system/tests/closeout-lock.test.ts	fork-only	sab3e2aa6fc6f	session candidate: OMP-140; session candidate: OMP-108; fix(session): HOME-149 audit remediation; session candidate: HOME-149; feat(work-ledger): interactive OMP workflow on WorkService (HOME-146, HOME-147); session close: HOME-130; HOME-116: commit live session rules — scope refusals, closeout lock, checkpoint contract (+tests)	none (fork-only path)	retained	fork-only path; carried through merge unchanged	fork-only sweep: git diff 79b037e420943010e03727d7cdb22f05e64507b7..eb795f45e8 -- session-system/tests/closeout-lock.test.ts is empty (path byte-identical to frozen main)
session-system/tests/commit-step.test.ts	session-system/tests/commit-step.test.ts	fork-only	s7811ba3b4518	session candidate: OMP-96; session candidate: OMP-99; session candidate: OMP-65; session candidate: OMP-47; session candidate: OMP-38; session candidate: HOME-149; HOME-118 fix: commit step parses untrimmed porcelain -z output (first entry misparsed) (+tests); HOME-118: /done commits and pushes session work (owner-confirmed file list, exact-path staging, credential scan)	none (fork-only path)	retained	fork-only path; carried through merge unchanged	fork-only sweep: git diff 79b037e420943010e03727d7cdb22f05e64507b7..eb795f45e8 -- session-system/tests/commit-step.test.ts is empty (path byte-identical to frozen main)
session-system/tests/extension-load.test.ts	session-system/tests/extension-load.test.ts	fork-only	s4059cce41f1c	session candidate: OMP-25; session candidate: HOME-149; feat(work-ledger): interactive OMP workflow on WorkService (HOME-146, HOME-147); feat(session-system): fork tests + update loop after subtree merge	none (fork-only path)	retained	fork-only path; carried through merge unchanged	fork-only sweep: git diff 79b037e420943010e03727d7cdb22f05e64507b7..eb795f45e8 -- session-system/tests/extension-load.test.ts is empty (path byte-identical to frozen main)
session-system/tests/fixtures/closeout-lock-harness.ts	session-system/tests/fixtures/closeout-lock-harness.ts	fork-only	sca23d69a82e1	session candidate: OMP-140; session candidate: OMP-108; fix(session): HOME-149 audit remediation; session candidate: HOME-149; feat(work-ledger): interactive OMP workflow on WorkService (HOME-146, HOME-147); session close: HOME-130; HOME-116: commit live session rules — scope refusals, closeout lock, checkpoint contract (+tests)	none (fork-only path)	retained	fork-only path; carried through merge unchanged	fork-only sweep: git diff 79b037e420943010e03727d7cdb22f05e64507b7..eb795f45e8 -- session-system/tests/fixtures/closeout-lock-harness.ts is empty (path byte-identical to frozen main)
session-system/tests/fixtures/obligation-loop-harness.ts	session-system/tests/fixtures/obligation-loop-harness.ts	fork-only	s023756137c74	fix(session-tests): conform obligation-loop workflow view to WorkflowView contract; session candidate: HOME-149; feat(work-ledger): interactive OMP workflow on WorkService (HOME-146, HOME-147); session close: HOME-130; test(session-system): harden obligation-loop harness — realistic rewrite mtime, resettled quiet-probe before foreign-session scan; HOME-45/HOME-109: digest obligation no longer re-arms for a settled plan	none (fork-only path)	retained	fork-only path; carried through merge unchanged	fork-only sweep: git diff 79b037e420943010e03727d7cdb22f05e64507b7..eb795f45e8 -- session-system/tests/fixtures/obligation-loop-harness.ts is empty (path byte-identical to frozen main)
session-system/tests/fixtures/scope-enforcement-harness.ts	session-system/tests/fixtures/scope-enforcement-harness.ts	fork-only	sec08b7453919	session candidate: OMP-108; session candidate: HOME-149; feat(work-ledger): interactive OMP workflow on WorkService (HOME-146, HOME-147); HOME-116: commit live session rules — scope refusals, closeout lock, checkpoint contract (+tests)	none (fork-only path)	retained	fork-only path; carried through merge unchanged	fork-only sweep: git diff 79b037e420943010e03727d7cdb22f05e64507b7..eb795f45e8 -- session-system/tests/fixtures/scope-enforcement-harness.ts is empty (path byte-identical to frozen main)
session-system/tests/fixtures/two-phase.ts	session-system/tests/fixtures/two-phase.ts	fork-only	sa96a6f3a78c1	feat(work-ledger): interactive OMP workflow on WorkService (HOME-146, HOME-147)	none (fork-only path)	retained	fork-only path; carried through merge unchanged	fork-only sweep: git diff 79b037e420943010e03727d7cdb22f05e64507b7..eb795f45e8 -- session-system/tests/fixtures/two-phase.ts is empty (path byte-identical to frozen main)
session-system/tests/fixtures/work-service-smoke-harness.ts	session-system/tests/fixtures/work-service-smoke-harness.ts	fork-only	sd1ad6282680b	session candidate: OMP-141; session candidate: OMP-140; session candidate: OMP-108; session candidate: OMP-106; session candidate: OMP-47; session candidate: OMP-38; session candidate: OMP-19; session candidate: HOME-149; feat(work-ledger): cutover coordinator, freeze fence, rehearsal smoke reuse (HOME-148); feat(work-ledger): interactive OMP workflow on WorkService (HOME-146, HOME-147)	none (fork-only path)	retained	fork-only path; carried through merge unchanged	fork-only sweep: git diff 79b037e420943010e03727d7cdb22f05e64507b7..eb795f45e8 -- session-system/tests/fixtures/work-service-smoke-harness.ts is empty (path byte-identical to frozen main)
session-system/tests/fixtures/workflow-sequence-harness.ts	session-system/tests/fixtures/workflow-sequence-harness.ts	fork-only	s431a11d3b104	session candidate: OMP-154; fix(session-system): persist specific staged-rider refusal reasons (OMP-149); session candidate: OMP-147; session candidate: OMP-141; session candidate: OMP-140; session candidate: OMP-108; session candidate: OMP-127; session candidate: OMP-107; fix(workflow): adopt post-freeze OMP-106 drift + overlap-refusal tests (OMP-116, OMP-118); session candidate: OMP-106; session candidate: OMP-65; session candidate: OMP-69; session candidate: OMP-47; fix(workflow): canonicalize report hash for audit forward (OMP-38); fix(workflow): only owner lifecycle clears audit bridge (OMP-43); session candidate: OMP-38; session candidate: OMP-25; fix(session): OMP-11 audit gate remediation; fix(session): HOME-149 audit remediation; session candidate: HOME-149; fix(work-ledger): restore focused work in fresh sessions; feat(work-ledger): interactive OMP workflow on WorkService (HOME-146, HOME-147); session close: HOME-130	none (fork-only path)	retained	fork-only path; carried through merge unchanged	fork-only sweep: git diff 79b037e420943010e03727d7cdb22f05e64507b7..eb795f45e8 -- session-system/tests/fixtures/workflow-sequence-harness.ts is empty (path byte-identical to frozen main)
session-system/tests/install.test.ts	session-system/tests/install.test.ts	fork-only	s708d28134fcb	session candidate: OMP-47; session candidate: HOME-149; fix(session): preserve extension root metadata; fix(cutover): resolve final audit findings; feat(work-ledger): cutover coordinator, freeze fence, rehearsal smoke reuse (HOME-148); feat(work-ledger): interactive OMP workflow on WorkService (HOME-146, HOME-147); session close: HOME-137; session close: HOME-133; feat(session-system): fork tests + update loop after subtree merge	none (fork-only path)	retained	fork-only path; carried through merge unchanged	fork-only sweep: git diff 79b037e420943010e03727d7cdb22f05e64507b7..eb795f45e8 -- session-system/tests/install.test.ts is empty (path byte-identical to frozen main)
session-system/tests/model-bookends.test.ts	session-system/tests/model-bookends.test.ts	fork-only	s73205aa20b38	fix(workflow): adopt post-freeze OMP-106 drift + overlap-refusal tests (OMP-116, OMP-118); session candidate: OMP-47; fix(workflow): canonicalize report hash for audit forward (OMP-38); feat(bookends): land pre-freeze half of audit gate (OMP-38); fix(session): OMP-11 audit gate remediation; fix(session): HOME-149 audit remediation; session candidate: HOME-149; feat(work-ledger): interactive OMP workflow on WorkService (HOME-146, HOME-147); session close: HOME-137; session close: HOME-134; session close: HOME-135; session close: HOME-133	none (fork-only path)	retained	fork-only path; carried through merge unchanged	fork-only sweep: git diff 79b037e420943010e03727d7cdb22f05e64507b7..eb795f45e8 -- session-system/tests/model-bookends.test.ts is empty (path byte-identical to frozen main)
session-system/tests/now-terminal-guard.test.ts	session-system/tests/now-terminal-guard.test.ts	fork-only	s69d912e5dff4	session candidate: OMP-147	none (fork-only path)	retained	fork-only path; carried through merge unchanged	fork-only sweep: git diff 79b037e420943010e03727d7cdb22f05e64507b7..eb795f45e8 -- session-system/tests/now-terminal-guard.test.ts is empty (path byte-identical to frozen main)
session-system/tests/obligation-loop.test.ts	session-system/tests/obligation-loop.test.ts	fork-only	se398c4b869e3	session candidate: HOME-149; feat(work-ledger): interactive OMP workflow on WorkService (HOME-146, HOME-147); session close: HOME-130; test(session-system): harden obligation-loop harness — realistic rewrite mtime, resettled quiet-probe before foreign-session scan; HOME-45/HOME-109: digest obligation no longer re-arms for a settled plan	none (fork-only path)	retained	fork-only path; carried through merge unchanged	fork-only sweep: git diff 79b037e420943010e03727d7cdb22f05e64507b7..eb795f45e8 -- session-system/tests/obligation-loop.test.ts is empty (path byte-identical to frozen main)
session-system/tests/pending-ops.test.ts	session-system/tests/pending-ops.test.ts	fork-only	s83b01fd82d1c	session candidate: OMP-108	none (fork-only path)	retained	fork-only path; carried through merge unchanged	fork-only sweep: git diff 79b037e420943010e03727d7cdb22f05e64507b7..eb795f45e8 -- session-system/tests/pending-ops.test.ts is empty (path byte-identical to frozen main)
session-system/tests/rider-batch.test.ts	session-system/tests/rider-batch.test.ts	fork-only	s30d09ac7fdc0	session candidate: OMP-106; session candidate: OMP-89	none (fork-only path)	retained	fork-only path; carried through merge unchanged	fork-only sweep: git diff 79b037e420943010e03727d7cdb22f05e64507b7..eb795f45e8 -- session-system/tests/rider-batch.test.ts is empty (path byte-identical to frozen main)
session-system/tests/same-session-sections.test.ts	session-system/tests/same-session-sections.test.ts	fork-only	scc98d120acfb	session candidate: OMP-127	none (fork-only path)	retained	fork-only path; carried through merge unchanged	fork-only sweep: git diff 79b037e420943010e03727d7cdb22f05e64507b7..eb795f45e8 -- session-system/tests/same-session-sections.test.ts is empty (path byte-identical to frozen main)
session-system/tests/scope-enforcement.test.ts	session-system/tests/scope-enforcement.test.ts	fork-only	sda9c6721b392	session candidate: HOME-149; HOME-116: commit live session rules — scope refusals, closeout lock, checkpoint contract (+tests)	none (fork-only path)	retained	fork-only path; carried through merge unchanged	fork-only sweep: git diff 79b037e420943010e03727d7cdb22f05e64507b7..eb795f45e8 -- session-system/tests/scope-enforcement.test.ts is empty (path byte-identical to frozen main)
session-system/tests/session-ledger.test.ts	session-system/tests/session-ledger.test.ts	fork-only	s935939e0914e	session candidate: OMP-108; session candidate: OMP-107; session candidate: OMP-69	none (fork-only path)	retained	fork-only path; carried through merge unchanged	fork-only sweep: git diff 79b037e420943010e03727d7cdb22f05e64507b7..eb795f45e8 -- session-system/tests/session-ledger.test.ts is empty (path byte-identical to frozen main)
session-system/tests/task-observer-first-tool.test.ts	session-system/tests/task-observer-first-tool.test.ts	fork-only	sd83d9d198ea1	session candidate: OMP-154	none (fork-only path)	retained	fork-only path; carried through merge unchanged	fork-only sweep: git diff 79b037e420943010e03727d7cdb22f05e64507b7..eb795f45e8 -- session-system/tests/task-observer-first-tool.test.ts is empty (path byte-identical to frozen main)
session-system/tests/work-config.test.ts	session-system/tests/work-config.test.ts	fork-only	s51f5aa159a8d	session candidate: OMP-154	none (fork-only path)	retained	fork-only path; carried through merge unchanged	fork-only sweep: git diff 79b037e420943010e03727d7cdb22f05e64507b7..eb795f45e8 -- session-system/tests/work-config.test.ts is empty (path byte-identical to frozen main)
session-system/tests/work-service-candidate-smoke.ts	session-system/tests/work-service-candidate-smoke.ts	fork-only	scde34bdb42ec	session candidate: OMP-147; session candidate: OMP-141; session candidate: OMP-140; session candidate: OMP-106; session candidate: OMP-47; session candidate: OMP-38; session candidate: HOME-149; fix(work-ledger): restore focused work in fresh sessions; feat(work-ledger): implement controlled Linear cutover (HOME-148); feat(work-ledger): cutover coordinator, freeze fence, rehearsal smoke reuse (HOME-148); feat(work-ledger): interactive OMP workflow on WorkService (HOME-146, HOME-147)	none (fork-only path)	retained	fork-only path; carried through merge unchanged	fork-only sweep: git diff 79b037e420943010e03727d7cdb22f05e64507b7..eb795f45e8 -- session-system/tests/work-service-candidate-smoke.ts is empty (path byte-identical to frozen main)
session-system/tests/workflow-sequence.test.ts	session-system/tests/workflow-sequence.test.ts	fork-only	sb7f6c5e6e379	session candidate: OMP-154; fix(session-system): persist specific staged-rider refusal reasons (OMP-149); session candidate: OMP-147; session candidate: OMP-141; session candidate: OMP-140; session candidate: OMP-108; session candidate: OMP-127; session candidate: OMP-107; fix(workflow): adopt post-freeze OMP-106 drift + overlap-refusal tests (OMP-116, OMP-118); session candidate: OMP-106; session candidate: OMP-65; session candidate: OMP-47; fix(workflow): canonicalize report hash for audit forward (OMP-38); fix(workflow): only owner lifecycle clears audit bridge (OMP-43); session candidate: OMP-38; session candidate: OMP-25; fix(session): HOME-149 audit remediation; session candidate: HOME-149; fix(work-ledger): restore focused work in fresh sessions; feat(work-ledger): interactive OMP workflow on WorkService (HOME-146, HOME-147); session close: HOME-130	none (fork-only path)	retained	fork-only path; carried through merge unchanged	fork-only sweep: git diff 79b037e420943010e03727d7cdb22f05e64507b7..eb795f45e8 -- session-system/tests/workflow-sequence.test.ts is empty (path byte-identical to frozen main)
session-system/tsconfig.json	session-system/tsconfig.json	fork-only	sd9fd46c9fb20	feat(work-ledger): interactive OMP workflow on WorkService (HOME-146, HOME-147)	none (fork-only path)	retained	fork-only path; carried through merge unchanged	fork-only sweep: git diff 79b037e420943010e03727d7cdb22f05e64507b7..eb795f45e8 -- session-system/tsconfig.json is empty (path byte-identical to frozen main)
session-system/update.sh	session-system/update.sh	fork-only	s909b70d773bc	feat(session-system): native refresh gate in update loop (stale drop-in alarm); feat(session-system): fork tests + update loop after subtree merge	none (fork-only path)	re-fitted	OMP-156 §3 rewrite: pinned full-40-hex non-pushing gate runner; refuses main/moving refs/dirty tree; merge stops on conflict; ancestor path runs frozen install + natives + gates 1-11; refuses success on dirtied tracked state	bun test session-system/tests/update.test.ts — 13 cases via gate 2; forbidden-behavior static assertions (no push/install.sh/link-omp, single pinned merge)
skill-observations/cross-cutting-principles.md	skill-observations/cross-cutting-principles.md	fork-only	s55e21097e07c	session candidate: OMP-89	none (fork-only path)	retained	fork-only path; carried through merge unchanged	fork-only sweep: git diff 79b037e420943010e03727d7cdb22f05e64507b7..eb795f45e8 -- skill-observations/cross-cutting-principles.md is empty (path byte-identical to frozen main)
skill-observations/last-review-date.txt	skill-observations/last-review-date.txt	fork-only	s8563841e1cd3	session candidate: OMP-89	none (fork-only path)	retained	fork-only path; carried through merge unchanged	fork-only sweep: git diff 79b037e420943010e03727d7cdb22f05e64507b7..eb795f45e8 -- skill-observations/last-review-date.txt is empty (path byte-identical to frozen main)
skill-observations/log.md	skill-observations/log.md	fork-only	saed49ec5f400	session candidate: OMP-89	none (fork-only path)	retained	fork-only path; carried through merge unchanged	fork-only sweep: git diff 79b037e420943010e03727d7cdb22f05e64507b7..eb795f45e8 -- skill-observations/log.md is empty (path byte-identical to frozen main)
skill-observations/log.md.bak	skill-observations/log.md.bak	fork-only	sa92299786293	session candidate: OMP-89	none (fork-only path)	retained	fork-only path; carried through merge unchanged	fork-only sweep: git diff 79b037e420943010e03727d7cdb22f05e64507b7..eb795f45e8 -- skill-observations/log.md.bak is empty (path byte-identical to frozen main)
